2026-09-01 16:41:23 | INFO     | __main__ | GIAI DOAN 1
2026-09-01 16:45:42 | INFO     | __main__ | GIAI DOAN 1
2026-09-01 16:45:42 | INFO     | ETL_Top_100.b_channel_extract | Dang tai danh sach tu Top100artists.csv...
2026-09-01 16:45:42 | INFO     | ETL_Top_100.b_channel_extract | [1/100] Dang xu ly: KATSEYE
2026-09-01 16:45:43 | INFO     | ETL_Top_100.b_channel_extract |   -> Ten: KATSEYE | Sub: 13,500,000 | Video: 1,428 | View: 10,815,197,754
2026-09-01 16:45:44 | INFO     | ETL_Top_100.b_channel_extract | [2/100] Dang xu ly: Morgan Wallen
2026-09-01 16:45:46 | INFO     | ETL_Top_100.b_channel_extract |   -> Ten: Morgan Wallen | Sub: 4,290,000 | Video: 182 | View: 6,018,388,150
2026-09-01 16:45:47 | INFO     | ETL_Top_100.b_channel_extract | [3/100] Dang xu ly: Ella Langley
2026-09-01 16:45:48 | INFO     | ETL_Top_100.b_channel_extract |   -> Ten: Ella Langley | Sub: 874,000 | Video: 48 | View: 865,866,556
2026-09-01 16:45:49 | INFO     | ETL_Top_100.b_channel_extract | [4/100] Dang xu ly: Phoebe Bridgers
2026-09-01 16:45:50 | INFO     | ETL_Top_100.b_channel_extract |   -> Ten: Phoebe Bridgers | Sub: 549,000 | Video: 41 | View: 344,149,799
2026-09-01 16:45:51 | INFO     | ETL_Top_100.b_channel_extract | [5/100] Dang xu ly: Olivia Rodrigo
2026-09-01 16:45:52 | INFO     | ETL_Top_100.b_channel_extract |   -> Ten: Olivia Rodrigo | Sub: 16,500,000 | Video: 127 | View: 7,365,069,334
2026-09-01 16:45:53 | INFO     | ETL_Top_100.b_channel_extract | [6/100] Dang xu ly: Ariana Grande
2026-09-01 16:45:54 | INFO     | ETL_Top_100.b_channel_extract |   -> Ten: Ariana Grande | Sub: 58,100,000 | Video: 292 | View: 33,150,903,852
2026-09-01 16:45:55 | INFO     | ETL_Top_100.b_channel_extract | [7/100] Dang xu ly: Michael Jackson
2026-09-01 16:45:56 | INFO     | ETL_Top_100.b_channel_extract |   -> Ten: Michael Jackson | Sub: 41,000,000 | Video: 20 | View: 23,376,065,450
2026-09-01 16:45:57 | INFO     | ETL_Top_100.b_channel_extract | [8/100] Dang xu ly: Drake
2026-09-01 16:45:58 | INFO     | ETL_Top_100.b_channel_extract |   -> Ten: Drake | Sub: 32,900,000 | Video: 101 | View: 23,866,733,496
2026-09-01 16:45:59 | INFO     | ETL_Top_100.b_channel_extract | [9/100] Dang xu ly: Stray Kids
2026-09-01 16:46:00 | INFO     | ETL_Top_100.b_channel_extract |   -> Ten: Stray Kids | Sub: 25,000,000 | Video: 2,296 | View: 12,769,552,859
2026-09-01 16:46:01 | INFO     | ETL_Top_100.b_channel_extract | [10/100] Dang xu ly: Luke Combs
2026-09-01 16:46:03 | INFO     | ETL_Top_100.b_channel_extract |   -> Ten: Luke Combs | Sub: 4,150,000 | Video: 133 | View: 6,132,968,117
2026-09-01 16:46:04 | INFO     | ETL_Top_100.b_channel_extract | [11/100] Dang xu ly: Noah Kahan
2026-09-01 16:46:05 | INFO     | ETL_Top_100.b_channel_extract |   -> Ten: Noah Kahan | Sub: 1,060,000 | Video: 240 | View: 1,218,301,669
2026-09-01 16:46:06 | INFO     | ETL_Top_100.b_channel_extract | [12/100] Dang xu ly: Taylor Swift
2026-09-01 16:46:07 | INFO     | ETL_Top_100.b_channel_extract |   -> Ten: Taylor Swift | Sub: 63,300,000 | Video: 660 | View: 46,341,728,829
2026-09-01 16:46:08 | INFO     | ETL_Top_100.b_channel_extract | [13/100] Dang xu ly: Bruno Mars
2026-09-01 16:46:09 | INFO     | ETL_Top_100.b_channel_extract |   -> Ten: Bruno Mars | Sub: 44,300,000 | Video: 126 | View: 26,498,219,593
2026-09-01 16:46:10 | INFO     | ETL_Top_100.b_channel_extract | [14/100] Dang xu ly: Olivia Dean
2026-09-01 16:46:11 | INFO     | ETL_Top_100.b_channel_extract |   -> Ten: Olivia Dean | Sub: 1,100,000 | Video: 235 | View: 990,151,033
2026-09-01 16:46:12 | INFO     | ETL_Top_100.b_channel_extract | [15/100] Dang xu ly: Tame Impala
2026-09-01 16:46:13 | INFO     | ETL_Top_100.b_channel_extract |   -> Ten: Tame Impala | Sub: 3,640,000 | Video: 45 | View: 3,098,125,800
2026-09-01 16:46:14 | INFO     | ETL_Top_100.b_channel_extract | [16/100] Dang xu ly: sombr
2026-09-01 16:46:15 | INFO     | ETL_Top_100.b_channel_extract |   -> Ten: sombr | Sub: 1,110,000 | Video: 49 | View: 927,292,319
2026-09-01 16:46:16 | INFO     | ETL_Top_100.b_channel_extract | [17/100] Dang xu ly: Fleetwood Mac
2026-09-01 16:46:17 | INFO     | ETL_Top_100.b_channel_extract |   -> Ten: Fleetwood Mac | Sub: 2,270,000 | Video: 45 | View: 3,331,789,858
2026-09-01 16:46:18 | INFO     | ETL_Top_100.b_channel_extract | [18/100] Dang xu ly: Justin Bieber
2026-09-01 16:46:19 | INFO     | ETL_Top_100.b_channel_extract |   -> Ten: Justin Bieber | Sub: 79,200,000 | Video: 283 | View: 39,616,666,303
2026-09-01 16:46:20 | INFO     | ETL_Top_100.b_channel_extract | [19/100] Dang xu ly: Stella Lefty
2026-09-01 16:46:21 | INFO     | ETL_Top_100.b_channel_extract |   -> Ten: Stella Lefty | Sub: 67,700 | Video: 308 | View: 43,733,200
2026-09-01 16:46:22 | INFO     | ETL_Top_100.b_channel_extract | [20/100] Dang xu ly: Steve Lacy
2026-09-01 16:46:23 | INFO     | ETL_Top_100.b_channel_extract |   -> Ten: Steve Lacy | Sub: 1,770,000 | Video: 20 | View: 1,080,774,515
2026-09-01 16:46:24 | INFO     | ETL_Top_100.b_channel_extract | [21/100] Dang xu ly: Rihanna
2026-09-01 16:46:26 | INFO     | ETL_Top_100.b_channel_extract |   -> Ten: Rihanna | Sub: 46,300,000 | Video: 94 | View: 29,830,073,794
2026-09-01 16:46:27 | INFO     | ETL_Top_100.b_channel_extract | [22/100] Dang xu ly: Bad Bunny
2026-09-01 16:46:28 | INFO     | ETL_Top_100.b_channel_extract |   -> Ten: Bad Bunny | Sub: 53,200,000 | Video: 190 | View: 49,275,078,852
2026-09-01 16:46:29 | INFO     | ETL_Top_100.b_channel_extract | [23/100] Dang xu ly: Zara Larsson
2026-09-01 16:46:30 | INFO     | ETL_Top_100.b_channel_extract |   -> Ten: Zara Larsson | Sub: 7,800,000 | Video: 235 | View: 4,036,282,656
2026-09-01 16:46:31 | INFO     | ETL_Top_100.b_channel_extract | [24/100] Dang xu ly: Zach Bryan
2026-09-01 16:46:32 | INFO     | ETL_Top_100.b_channel_extract |   -> Ten: Zach Bryan | Sub: 1,690,000 | Video: 232 | View: 2,464,977,771
2026-09-01 16:46:33 | INFO     | ETL_Top_100.b_channel_extract | [25/100] Dang xu ly: Chris Stapleton
2026-09-01 16:46:34 | INFO     | ETL_Top_100.b_channel_extract |   -> Ten: Chris Stapleton | Sub: 3,200,000 | Video: 25 | View: 3,493,923,777
2026-09-01 16:46:35 | INFO     | ETL_Top_100.b_channel_extract | [26/100] Dang xu ly: Shaboozey
2026-09-01 16:46:36 | INFO     | ETL_Top_100.b_channel_extract |   -> Ten: Shaboozey | Sub: 1,110,000 | Video: 1,045 | View: 1,154,366,093
2026-09-01 16:46:37 | INFO     | ETL_Top_100.b_channel_extract | [27/100] Dang xu ly: Riley Green
2026-09-01 16:46:38 | INFO     | ETL_Top_100.b_channel_extract |   -> Ten: Riley Green | Sub: 529,000 | Video: 207 | View: 740,030,587
2026-09-01 16:46:39 | INFO     | ETL_Top_100.b_channel_extract | [28/100] Dang xu ly: Post Malone
2026-09-01 16:46:40 | INFO     | ETL_Top_100.b_channel_extract |   -> Ten: Post Malone | Sub: 28,900,000 | Video: 188 | View: 20,959,517,401
2026-09-01 16:46:41 | INFO     | ETL_Top_100.b_channel_extract | [29/100] Dang xu ly: Lil Baby
2026-09-01 16:46:42 | INFO     | ETL_Top_100.b_channel_extract |   -> Ten: Lil Baby Official  | Sub: 10,500,000 | Video: 143 | View: 11,806,186,755
2026-09-01 16:46:43 | INFO     | ETL_Top_100.b_channel_extract | [30/100] Dang xu ly: SZA
2026-09-01 16:46:44 | INFO     | ETL_Top_100.b_channel_extract |   -> Ten: Sza | Sub: 2,280 | Video: 92 | View: 1,428,046
2026-09-01 16:46:45 | INFO     | ETL_Top_100.b_channel_extract | [31/100] Dang xu ly: Sabrina Carpenter
2026-09-01 16:46:46 | INFO     | ETL_Top_100.b_channel_extract |   -> Ten: Sabrina Carpenter | Sub: 13,600,000 | Video: 199 | View: 7,099,884,717
2026-09-01 16:46:47 | INFO     | ETL_Top_100.b_channel_extract | [32/100] Dang xu ly: Karol G
2026-09-01 16:46:49 | INFO     | ETL_Top_100.b_channel_extract |   -> Ten: KAROL G | Sub: 41,400,000 | Video: 168 | View: 34,513,718,006
2026-09-01 16:46:50 | INFO     | ETL_Top_100.b_channel_extract | [33/100] Dang xu ly: Teddy Swims
2026-09-01 16:46:51 | INFO     | ETL_Top_100.b_channel_extract |   -> Ten: Teddy Swims | Sub: 6,680,000 | Video: 670 | View: 4,681,184,798
2026-09-01 16:46:52 | INFO     | ETL_Top_100.b_channel_extract | [34/100] Dang xu ly: The Weeknd
2026-09-01 16:46:53 | INFO     | ETL_Top_100.b_channel_extract |   -> Ten: The Weeknd | Sub: 40,000,000 | Video: 204 | View: 37,543,185,754
2026-09-01 16:46:54 | INFO     | ETL_Top_100.b_channel_extract | [35/100] Dang xu ly: Sienna Spiro
2026-09-01 16:46:55 | INFO     | ETL_Top_100.b_channel_extract |   -> Ten: SIENNA SPIRO | Sub: 465,000 | Video: 502 | View: 285,133,268
2026-09-01 16:46:56 | INFO     | ETL_Top_100.b_channel_extract | [36/100] Dang xu ly: Alex Warren
2026-09-01 16:46:57 | INFO     | ETL_Top_100.b_channel_extract |   -> Ten: Alex Warren | Sub: 4,840,000 | Video: 331 | View: 2,707,435,616
2026-09-01 16:46:58 | INFO     | ETL_Top_100.b_channel_extract | [37/100] Dang xu ly: Kendrick Lamar
2026-09-01 16:46:59 | INFO     | ETL_Top_100.b_channel_extract |   -> Ten: Kendrick Lamar | Sub: 20,300,000 | Video: 40 | View: 12,716,088,869
2026-09-01 16:47:00 | INFO     | ETL_Top_100.b_channel_extract | [38/100] Dang xu ly: Cody Johnson
2026-09-01 16:47:01 | INFO     | ETL_Top_100.b_channel_extract |   -> Ten: Cody Johnson | Sub: 987,000 | Video: 452 | View: 1,368,089,191
2026-09-01 16:47:02 | INFO     | ETL_Top_100.b_channel_extract | [39/100] Dang xu ly: Benson Boone
2026-09-01 16:47:03 | INFO     | ETL_Top_100.b_channel_extract |   -> Ten: Benson Boone | Sub: 5,870,000 | Video: 454 | View: 3,743,839,346
2026-09-01 16:47:04 | INFO     | ETL_Top_100.b_channel_extract | [40/100] Dang xu ly: Malcolm Todd
2026-09-01 16:47:05 | INFO     | ETL_Top_100.b_channel_extract |   -> Ten: Malcolm Todd | Sub: 595,000 | Video: 59 | View: 395,699,224
2026-09-01 16:47:06 | INFO     | ETL_Top_100.b_channel_extract | [41/100] Dang xu ly: Harry Styles
2026-09-01 16:47:07 | INFO     | ETL_Top_100.b_channel_extract |   -> Ten: Harry Styles | Sub: 15,500,000 | Video: 21 | View: 8,471,919,634
2026-09-01 16:47:08 | INFO     | ETL_Top_100.b_channel_extract | [42/100] Dang xu ly: Gracie Abrams
2026-09-01 16:47:09 | INFO     | ETL_Top_100.b_channel_extract |   -> Ten: Gracie Abrams | Sub: 2,070,000 | Video: 68 | View: 1,122,198,712
2026-09-01 16:47:10 | INFO     | ETL_Top_100.b_channel_extract | [43/100] Dang xu ly: Billie Eilish
2026-09-01 16:47:11 | INFO     | ETL_Top_100.b_channel_extract |   -> Ten: Billie Eilish | Sub: 58,500,000 | Video: 212 | View: 23,236,332,653
2026-09-01 16:47:12 | INFO     | ETL_Top_100.b_channel_extract | [44/100] Dang xu ly: Pooh Shiesty
2026-09-01 16:47:13 | INFO     | ETL_Top_100.b_channel_extract |   -> Ten: Pooh Shiesty | Sub: 2,210,000 | Video: 93 | View: 1,965,091,440
2026-09-01 16:47:14 | INFO     | ETL_Top_100.b_channel_extract | [45/100] Dang xu ly: Dominic Fike
2026-09-01 16:47:15 | INFO     | ETL_Top_100.b_channel_extract |   -> Ten: Dominic Fike | Sub: 1,010,000 | Video: 24 | View: 725,700,329
2026-09-01 16:47:16 | INFO     | ETL_Top_100.b_channel_extract | [46/100] Dang xu ly: Linkin Park
2026-09-01 16:47:17 | INFO     | ETL_Top_100.b_channel_extract |   -> Ten: Linkin Park | Sub: 25,200,000 | Video: 1,167 | View: 22,269,621,285
2026-09-01 16:47:18 | INFO     | ETL_Top_100.b_channel_extract | [47/100] Dang xu ly: Nirvana
2026-09-01 16:47:19 | INFO     | ETL_Top_100.b_channel_extract |   -> Ten: Nirvana | Sub: 11,000,000 | Video: 14 | View: 8,735,424,230
2026-09-01 16:47:20 | INFO     | ETL_Top_100.b_channel_extract | [48/100] Dang xu ly: Don Toliver
2026-09-01 16:47:21 | INFO     | ETL_Top_100.b_channel_extract |   -> Ten: Don Toliver | Sub: 2,990,000 | Video: 260 | View: 2,862,016,621
2026-09-01 16:47:22 | INFO     | ETL_Top_100.b_channel_extract | [49/100] Dang xu ly: Frank Ocean
2026-09-01 16:47:24 | INFO     | ETL_Top_100.b_channel_extract |   -> Ten: Blonded | Sub: 2,420,000 | Video: 26 | View: 2,002,939,604
2026-09-01 16:47:25 | INFO     | ETL_Top_100.b_channel_extract | [50/100] Dang xu ly: Marilyn Manson
2026-09-01 16:47:26 | INFO     | ETL_Top_100.b_channel_extract |   -> Ten: Marilyn Manson | Sub: 4,210,000 | Video: 113 | View: 2,809,668,803
2026-09-01 16:47:27 | INFO     | ETL_Top_100.b_channel_extract | [51/100] Dang xu ly: Mac Miller
2026-09-01 16:47:28 | INFO     | ETL_Top_100.b_channel_extract |   -> Ten: Mac Miller | Sub: 5,030,000 | Video: 264 | View: 4,951,971,211
2026-09-01 16:47:29 | INFO     | ETL_Top_100.b_channel_extract | [52/100] Dang xu ly: Kehlani
2026-09-01 16:47:30 | INFO     | ETL_Top_100.b_channel_extract |   -> Ten: Kehlani | Sub: 4,690,000 | Video: 280 | View: 2,964,903,047
2026-09-01 16:47:31 | INFO     | ETL_Top_100.b_channel_extract | [53/100] Dang xu ly: Bailey Zimmerman
2026-09-01 16:47:32 | INFO     | ETL_Top_100.b_channel_extract |   -> Ten: Bailey Zimmerman | Sub: 794,000 | Video: 582 | View: 1,114,160,397
2026-09-01 16:47:33 | INFO     | ETL_Top_100.b_channel_extract | [54/100] Dang xu ly: Tems
2026-09-01 16:47:34 | INFO     | ETL_Top_100.b_channel_extract |   -> Ten: Tems | Sub: 1,720,000 | Video: 62 | View: 959,829,603
2026-09-01 16:47:35 | INFO     | ETL_Top_100.b_channel_extract | [55/100] Dang xu ly: Deftones
2026-09-01 16:47:36 | INFO     | ETL_Top_100.b_channel_extract |   -> Ten: Deftones | Sub: 2,210,000 | Video: 224 | View: 1,917,892,151
2026-09-01 16:47:37 | INFO     | ETL_Top_100.b_channel_extract | [56/100] Dang xu ly: J. Cole
2026-09-01 16:47:38 | INFO     | ETL_Top_100.b_channel_extract |   -> Ten: J. Cole | Sub: 8,500,000 | Video: 231 | View: 5,524,514,238
2026-09-01 16:47:39 | INFO     | ETL_Top_100.b_channel_extract | [57/100] Dang xu ly: Metallica
2026-09-01 16:47:40 | INFO     | ETL_Top_100.b_channel_extract |   -> Ten: Metallica | Sub: 12,600,000 | Video: 2,475 | View: 9,636,426,467
2026-09-01 16:47:41 | INFO     | ETL_Top_100.b_channel_extract | [58/100] Dang xu ly: Red Hot Chili Peppers
2026-09-01 16:47:42 | INFO     | ETL_Top_100.b_channel_extract |   -> Ten: Red Hot Chili Peppers | Sub: 8,650,000 | Video: 208 | View: 10,051,237,780
2026-09-01 16:47:43 | INFO     | ETL_Top_100.b_channel_extract | [59/100] Dang xu ly: Katy Perry
2026-09-01 16:47:44 | INFO     | ETL_Top_100.b_channel_extract |   -> Ten: Katy Perry | Sub: 47,300,000 | Video: 251 | View: 30,544,702,387
2026-09-01 16:47:45 | INFO     | ETL_Top_100.b_channel_extract | [60/100] Dang xu ly: Tucker Wetmore
2026-09-01 16:47:46 | INFO     | ETL_Top_100.b_channel_extract |   -> Ten: Tucker Wetmore | Sub: 154,000 | Video: 241 | View: 218,381,883
2026-09-01 16:47:47 | INFO     | ETL_Top_100.b_channel_extract | [61/100] Dang xu ly: HUNTR/X: EJAE, Audrey Nuna & REI AMI
2026-09-01 16:47:48 | WARNING  | ETL_Top_100.b_channel_extract |   -> Khong tim thay kenh tren YouTube.
2026-09-01 16:47:49 | INFO     | ETL_Top_100.b_channel_extract | [62/100] Dang xu ly: Eagles
2026-09-01 16:47:50 | INFO     | ETL_Top_100.b_channel_extract |   -> Ten: Eagles | Sub: 2,490,000 | Video: 70 | View: 3,338,768,754
2026-09-01 16:47:51 | INFO     | ETL_Top_100.b_channel_extract | [63/100] Dang xu ly: Alice in Chains
2026-09-01 16:47:52 | INFO     | ETL_Top_100.b_channel_extract |   -> Ten: Alice In Chains | Sub: 1,980,000 | Video: 49 | View: 2,451,281,387
2026-09-01 16:47:53 | INFO     | ETL_Top_100.b_channel_extract | [64/100] Dang xu ly: Chappell Roan
2026-09-01 16:47:54 | INFO     | ETL_Top_100.b_channel_extract |   -> Ten: Chappell Roan | Sub: 2,430,000 | Video: 287 | View: 1,526,909,047
2026-09-01 16:47:55 | INFO     | ETL_Top_100.b_channel_extract | [65/100] Dang xu ly: Lady Gaga
2026-09-01 16:47:56 | INFO     | ETL_Top_100.b_channel_extract |   -> Ten: Lady Gaga | Sub: 30,800,000 | Video: 262 | View: 25,576,030,851
2026-09-01 16:47:57 | INFO     | ETL_Top_100.b_channel_extract | [66/100] Dang xu ly: Coldplay
2026-09-01 16:47:58 | INFO     | ETL_Top_100.b_channel_extract |   -> Ten: Coldplay | Sub: 28,600,000 | Video: 553 | View: 23,456,696,435
2026-09-01 16:47:59 | INFO     | ETL_Top_100.b_channel_extract | [67/100] Dang xu ly: Jon Batiste
2026-09-01 16:48:01 | INFO     | ETL_Top_100.b_channel_extract |   -> Ten: Jon Batiste | Sub: 545,000 | Video: 75 | View: 129,699,034
2026-09-01 16:48:02 | INFO     | ETL_Top_100.b_channel_extract | [68/100] Dang xu ly: Radiohead
2026-09-01 16:48:03 | INFO     | ETL_Top_100.b_channel_extract |   -> Ten: Radiohead | Sub: 5,360,000 | Video: 202 | View: 5,152,915,695
2026-09-01 16:48:04 | INFO     | ETL_Top_100.b_channel_extract | [69/100] Dang xu ly: The Killers
2026-09-01 16:48:05 | INFO     | ETL_Top_100.b_channel_extract |   -> Ten: TheKillersMusic | Sub: 2,660,000 | Video: 35 | View: 3,173,694,758
2026-09-01 16:48:06 | INFO     | ETL_Top_100.b_channel_extract | [70/100] Dang xu ly: BTS
2026-09-01 16:48:07 | INFO     | ETL_Top_100.b_channel_extract |   -> Ten: BANGTANTV | Sub: 85,800,000 | Video: 3,094 | View: 29,123,830,581
2026-09-01 16:48:08 | INFO     | ETL_Top_100.b_channel_extract | [71/100] Dang xu ly: Creedence Clearwater Revival
2026-09-01 16:48:09 | INFO     | ETL_Top_100.b_channel_extract |   -> Ten: Creedence Clearwater Revival | Sub: 2,550,000 | Video: 986 | View: 3,760,365,528
2026-09-01 16:48:10 | INFO     | ETL_Top_100.b_channel_extract | [72/100] Dang xu ly: Tate McRae
2026-09-01 16:48:10 | INFO     | ETL_Top_100.b_channel_extract |   -> Ten: Tate McRae | Sub: 6,730,000 | Video: 601 | View: 3,425,164,541
2026-09-01 16:48:11 | INFO     | ETL_Top_100.b_channel_extract | [73/100] Dang xu ly: Yung Miami
2026-09-01 16:48:13 | INFO     | ETL_Top_100.b_channel_extract |   -> Ten: YOUNG MIAMI | Sub: 113 | Video: 3 | View: 6,619
2026-09-01 16:48:14 | INFO     | ETL_Top_100.b_channel_extract | [74/100] Dang xu ly: Ye
2026-09-01 16:48:14 | INFO     | ETL_Top_100.b_channel_extract |   -> Ten: Kanye West | Sub: 12,600,000 | Video: 42 | View: 10,132,951,571
2026-09-01 16:48:15 | INFO     | ETL_Top_100.b_channel_extract | [75/100] Dang xu ly: Koe Wetzel
2026-09-01 16:48:16 | INFO     | ETL_Top_100.b_channel_extract |   -> Ten: Koe Wetzel | Sub: 380,000 | Video: 193 | View: 497,411,559
2026-09-01 16:48:17 | INFO     | ETL_Top_100.b_channel_extract | [76/100] Dang xu ly: Megan Moroney
2026-09-01 16:48:19 | INFO     | ETL_Top_100.b_channel_extract |   -> Ten: Megan Moroney | Sub: 389,000 | Video: 318 | View: 352,276,123
2026-09-01 16:48:20 | INFO     | ETL_Top_100.b_channel_extract | [77/100] Dang xu ly: JENNIE
2026-09-01 16:48:21 | INFO     | ETL_Top_100.b_channel_extract |   -> Ten: JENNIE | Sub: 18,300,000 | Video: 132 | View: 3,813,725,471
2026-09-01 16:48:22 | INFO     | ETL_Top_100.b_channel_extract | [78/100] Dang xu ly: Jason Aldean
2026-09-01 16:48:23 | INFO     | ETL_Top_100.b_channel_extract |   -> Ten: Jason Aldean | Sub: 3,100,000 | Video: 620 | View: 3,495,391,320
2026-09-01 16:48:24 | INFO     | ETL_Top_100.b_channel_extract | [79/100] Dang xu ly: Miguel
2026-09-01 16:48:25 | INFO     | ETL_Top_100.b_channel_extract |   -> Ten: Miguel | Sub: 2,380,000 | Video: 94 | View: 2,531,845,920
2026-09-01 16:48:26 | INFO     | ETL_Top_100.b_channel_extract | [80/100] Dang xu ly: Lynyrd Skynyrd
2026-09-01 16:48:27 | INFO     | ETL_Top_100.b_channel_extract |   -> Ten: Lynyrd Skynyrd | Sub: 1,700,000 | Video: 62 | View: 2,115,948,467
2026-09-01 16:48:28 | INFO     | ETL_Top_100.b_channel_extract | [81/100] Dang xu ly: Kacey Musgraves
2026-09-01 16:48:29 | INFO     | ETL_Top_100.b_channel_extract |   -> Ten: ★ 𝑲𝒂𝒄𝒆𝒚 𝑴𝒖𝒔𝒈𝒓𝒂𝒗𝒆𝒔 ★ | Sub: 745,000 | Video: 95 | View: 478,378,770
2026-09-01 16:48:30 | INFO     | ETL_Top_100.b_channel_extract | [82/100] Dang xu ly: AC/DC
2026-09-01 16:48:31 | INFO     | ETL_Top_100.b_channel_extract |   -> Ten: AC/DC | Sub: 11,800,000 | Video: 201 | View: 12,175,193,287
2026-09-01 16:48:32 | INFO     | ETL_Top_100.b_channel_extract | [83/100] Dang xu ly: Lil Wayne
2026-09-01 16:48:33 | INFO     | ETL_Top_100.b_channel_extract |   -> Ten: Lil Wayne | Sub: 14,600,000 | Video: 326 | View: 9,637,807,845
2026-09-01 16:48:34 | INFO     | ETL_Top_100.b_channel_extract | [84/100] Dang xu ly: Yasiin Bey
2026-09-01 16:48:35 | INFO     | ETL_Top_100.b_channel_extract |   -> Ten: Yasiin Bey - Topic | Sub: 154 | Video: 0 | View: 0
2026-09-01 16:48:36 | INFO     | ETL_Top_100.b_channel_extract | [85/100] Dang xu ly: Cardi B
2026-09-01 16:48:37 | INFO     | ETL_Top_100.b_channel_extract |   -> Ten: Cardi B | Sub: 20,500,000 | Video: 248 | View: 9,900,176,964
2026-09-01 16:48:38 | INFO     | ETL_Top_100.b_channel_extract | [86/100] Dang xu ly: Tyler, The Creator
2026-09-01 16:48:39 | INFO     | ETL_Top_100.b_channel_extract |   -> Ten: Tyler, The Creator | Sub: 8,240,000 | Video: 112 | View: 4,228,359,485
2026-09-01 16:48:40 | INFO     | ETL_Top_100.b_channel_extract | [87/100] Dang xu ly: Tyler Childers
2026-09-01 16:48:41 | INFO     | ETL_Top_100.b_channel_extract |   -> Ten: Tyler Childers | Sub: 838,000 | Video: 104 | View: 1,000,992,652
2026-09-01 16:48:42 | INFO     | ETL_Top_100.b_channel_extract | [88/100] Dang xu ly: Ed Sheeran
2026-09-01 16:48:44 | INFO     | ETL_Top_100.b_channel_extract |   -> Ten: Ed Sheeran | Sub: 59,200,000 | Video: 787 | View: 38,662,159,766
2026-09-01 16:48:45 | INFO     | ETL_Top_100.b_channel_extract | [89/100] Dang xu ly: Foo Fighters
2026-09-01 16:48:46 | INFO     | ETL_Top_100.b_channel_extract |   -> Ten: Foo Fighters | Sub: 4,230,000 | Video: 272 | View: 4,225,574,870
2026-09-01 16:48:47 | INFO     | ETL_Top_100.b_channel_extract | [90/100] Dang xu ly: CORTIS
2026-09-01 16:48:48 | INFO     | ETL_Top_100.b_channel_extract |   -> Ten: CORTIS | Sub: 6,690,000 | Video: 988 | View: 2,108,413,981
2026-09-01 16:48:49 | INFO     | ETL_Top_100.b_channel_extract | [91/100] Dang xu ly: Three Days Grace
2026-09-01 16:48:50 | INFO     | ETL_Top_100.b_channel_extract |   -> Ten: Three Days Grace | Sub: 4,030,000 | Video: 325 | View: 4,501,665,561
2026-09-01 16:48:51 | INFO     | ETL_Top_100.b_channel_extract | [92/100] Dang xu ly: Beyonce
2026-09-01 16:48:52 | INFO     | ETL_Top_100.b_channel_extract |   -> Ten: Beyoncé | Sub: 29,300,000 | Video: 267 | View: 22,614,387,611
2026-09-01 16:48:53 | INFO     | ETL_Top_100.b_channel_extract | [93/100] Dang xu ly: Conan Gray
2026-09-01 16:48:54 | INFO     | ETL_Top_100.b_channel_extract |   -> Ten: Conan Gray | Sub: 5,740,000 | Video: 266 | View: 2,038,139,419
2026-09-01 16:48:55 | INFO     | ETL_Top_100.b_channel_extract | [94/100] Dang xu ly: Journey
2026-09-01 16:48:56 | INFO     | ETL_Top_100.b_channel_extract |   -> Ten: journey | Sub: 2,600,000 | Video: 90 | View: 3,254,309,015
2026-09-01 16:48:57 | INFO     | ETL_Top_100.b_channel_extract | [95/100] Dang xu ly: Whiskey Myers
2026-09-01 16:48:58 | INFO     | ETL_Top_100.b_channel_extract |   -> Ten: Whiskey Myers | Sub: 548,000 | Video: 267 | View: 400,300,805
2026-09-01 16:48:59 | INFO     | ETL_Top_100.b_channel_extract | [96/100] Dang xu ly: Leon Thomas
2026-09-01 16:49:00 | INFO     | ETL_Top_100.b_channel_extract |   -> Ten: Leon Thomas | Sub: 472,000 | Video: 120 | View: 312,534,771
2026-09-01 16:49:01 | INFO     | ETL_Top_100.b_channel_extract | [97/100] Dang xu ly: Goo Goo Dolls
2026-09-01 16:49:02 | INFO     | ETL_Top_100.b_channel_extract |   -> Ten: Goo Goo Dolls | Sub: 1,530,000 | Video: 675 | View: 1,982,219,500
2026-09-01 16:49:03 | INFO     | ETL_Top_100.b_channel_extract | [98/100] Dang xu ly: Arctic Monkeys
2026-09-01 16:49:04 | INFO     | ETL_Top_100.b_channel_extract |   -> Ten: Official Arctic Monkeys | Sub: 9,500,000 | Video: 90 | View: 7,942,296,307
2026-09-01 16:49:05 | INFO     | ETL_Top_100.b_channel_extract | [99/100] Dang xu ly: Temper City
2026-09-01 16:49:06 | INFO     | ETL_Top_100.b_channel_extract |   -> Ten: Temper City | Sub: 111,000 | Video: 42 | View: 99,854,047
2026-09-01 16:49:07 | INFO     | ETL_Top_100.b_channel_extract | [100/100] Dang xu ly: Sublime
2026-09-01 16:49:08 | INFO     | ETL_Top_100.b_channel_extract |   -> Ten: Sublime | Sub: 930,000 | Video: 496 | View: 1,182,991,577
2026-09-01 16:49:09 | INFO     | ETL_Top_100.b_channel_extract | Hoan tat crawl channel stats.
2026-09-01 16:49:09 | INFO     | ETL_Top_100.b_channel_extract | Da luu vao Top100artistsStat.csv
2026-09-01 16:49:09 | INFO     | ETL_Top_100.c_video_extract | Bat dau trich xuat du lieu Video...
2026-09-01 16:49:09 | INFO     | ETL_Top_100.c_video_extract | [1/100] Dang quet: KATSEYE...
2026-09-01 16:49:31 | INFO     | ETL_Top_100.c_video_extract | Thanh cong (1452 videos)
2026-09-01 16:49:32 | INFO     | ETL_Top_100.c_video_extract | [2/100] Dang quet: Morgan Wallen...
2026-09-01 16:49:38 | INFO     | ETL_Top_100.c_video_extract | Thanh cong (331 videos)
2026-09-01 16:49:39 | INFO     | ETL_Top_100.c_video_extract | [3/100] Dang quet: Ella Langley...
2026-09-01 16:49:43 | INFO     | ETL_Top_100.c_video_extract | Thanh cong (107 videos)
2026-09-01 16:49:44 | INFO     | ETL_Top_100.c_video_extract | [4/100] Dang quet: Phoebe Bridgers...
2026-09-01 16:49:46 | INFO     | ETL_Top_100.c_video_extract | Thanh cong (56 videos)
2026-09-01 16:49:47 | INFO     | ETL_Top_100.c_video_extract | [5/100] Dang quet: Olivia Rodrigo...
2026-09-01 16:49:53 | INFO     | ETL_Top_100.c_video_extract | Thanh cong (237 videos)
2026-09-01 16:49:54 | INFO     | ETL_Top_100.c_video_extract | [6/100] Dang quet: Ariana Grande...
2026-09-01 16:50:05 | INFO     | ETL_Top_100.c_video_extract | Thanh cong (542 videos)
2026-09-01 16:50:06 | INFO     | ETL_Top_100.c_video_extract | [7/100] Dang quet: Michael Jackson...
2026-09-01 16:50:12 | INFO     | ETL_Top_100.c_video_extract | Thanh cong (159 videos)
2026-09-01 16:50:13 | INFO     | ETL_Top_100.c_video_extract | [8/100] Dang quet: Drake...
2026-09-01 16:50:19 | INFO     | ETL_Top_100.c_video_extract | Thanh cong (273 videos)
2026-09-01 16:50:20 | INFO     | ETL_Top_100.c_video_extract | [9/100] Dang quet: Stray Kids...
2026-09-01 16:50:54 | INFO     | ETL_Top_100.c_video_extract | Thanh cong (2295 videos)
2026-09-01 16:50:55 | INFO     | ETL_Top_100.c_video_extract | [10/100] Dang quet: Luke Combs...
2026-09-01 16:51:02 | INFO     | ETL_Top_100.c_video_extract | Thanh cong (346 videos)
2026-09-01 16:51:03 | INFO     | ETL_Top_100.c_video_extract | [11/100] Dang quet: Noah Kahan...
2026-09-01 16:51:10 | INFO     | ETL_Top_100.c_video_extract | Thanh cong (363 videos)
2026-09-01 16:51:11 | INFO     | ETL_Top_100.c_video_extract | [12/100] Dang quet: Taylor Swift...
2026-09-01 16:51:21 | INFO     | ETL_Top_100.c_video_extract | Thanh cong (661 videos)
2026-09-01 16:51:22 | INFO     | ETL_Top_100.c_video_extract | [13/100] Dang quet: Bruno Mars...
2026-09-01 16:51:25 | INFO     | ETL_Top_100.c_video_extract | Thanh cong (129 videos)
2026-09-01 16:51:26 | INFO     | ETL_Top_100.c_video_extract | [14/100] Dang quet: Olivia Dean...
2026-09-01 16:51:31 | INFO     | ETL_Top_100.c_video_extract | Thanh cong (280 videos)
2026-09-01 16:51:32 | INFO     | ETL_Top_100.c_video_extract | [15/100] Dang quet: Tame Impala...
2026-09-01 16:51:36 | INFO     | ETL_Top_100.c_video_extract | Thanh cong (150 videos)
2026-09-01 16:51:37 | INFO     | ETL_Top_100.c_video_extract | [16/100] Dang quet: sombr...
2026-09-01 16:51:38 | INFO     | ETL_Top_100.c_video_extract | Thanh cong (49 videos)
2026-09-01 16:51:39 | INFO     | ETL_Top_100.c_video_extract | [17/100] Dang quet: Fleetwood Mac...
2026-09-01 16:51:41 | INFO     | ETL_Top_100.c_video_extract | Thanh cong (45 videos)
2026-09-01 16:51:42 | INFO     | ETL_Top_100.c_video_extract | [18/100] Dang quet: Justin Bieber...
2026-09-01 16:51:52 | INFO     | ETL_Top_100.c_video_extract | Thanh cong (550 videos)
2026-09-01 16:51:53 | INFO     | ETL_Top_100.c_video_extract | [19/100] Dang quet: Stella Lefty...
2026-09-01 16:51:58 | INFO     | ETL_Top_100.c_video_extract | Thanh cong (309 videos)
2026-09-01 16:51:59 | INFO     | ETL_Top_100.c_video_extract | [20/100] Dang quet: Steve Lacy...
2026-09-01 16:52:02 | INFO     | ETL_Top_100.c_video_extract | Thanh cong (47 videos)
2026-09-01 16:52:03 | INFO     | ETL_Top_100.c_video_extract | [21/100] Dang quet: Rihanna...
2026-09-01 16:52:10 | INFO     | ETL_Top_100.c_video_extract | Thanh cong (214 videos)
2026-09-01 16:52:11 | INFO     | ETL_Top_100.c_video_extract | [22/100] Dang quet: Bad Bunny...
2026-09-01 16:52:14 | INFO     | ETL_Top_100.c_video_extract | Thanh cong (189 videos)
2026-09-01 16:52:15 | INFO     | ETL_Top_100.c_video_extract | [23/100] Dang quet: Zara Larsson...
2026-09-01 16:52:24 | INFO     | ETL_Top_100.c_video_extract | Thanh cong (450 videos)
2026-09-01 16:52:25 | INFO     | ETL_Top_100.c_video_extract | [24/100] Dang quet: Zach Bryan...
2026-09-01 16:52:29 | INFO     | ETL_Top_100.c_video_extract | Thanh cong (234 videos)
2026-09-01 16:52:30 | INFO     | ETL_Top_100.c_video_extract | [25/100] Dang quet: Chris Stapleton...
2026-09-01 16:52:34 | INFO     | ETL_Top_100.c_video_extract | Thanh cong (134 videos)
2026-09-01 16:52:35 | INFO     | ETL_Top_100.c_video_extract | [26/100] Dang quet: Shaboozey...
2026-09-01 16:52:53 | INFO     | ETL_Top_100.c_video_extract | Thanh cong (1123 videos)
2026-09-01 16:52:54 | INFO     | ETL_Top_100.c_video_extract | [27/100] Dang quet: Riley Green...
2026-09-01 16:53:00 | INFO     | ETL_Top_100.c_video_extract | Thanh cong (334 videos)
2026-09-01 16:53:01 | INFO     | ETL_Top_100.c_video_extract | [28/100] Dang quet: Post Malone...
2026-09-01 16:53:09 | INFO     | ETL_Top_100.c_video_extract | Thanh cong (353 videos)
2026-09-01 16:53:10 | INFO     | ETL_Top_100.c_video_extract | [29/100] Dang quet: Lil Baby...
2026-09-01 16:53:16 | INFO     | ETL_Top_100.c_video_extract | Thanh cong (306 videos)
2026-09-01 16:53:17 | INFO     | ETL_Top_100.c_video_extract | [30/100] Dang quet: SZA...
2026-09-01 16:53:20 | INFO     | ETL_Top_100.c_video_extract | Thanh cong (92 videos)
2026-09-01 16:53:21 | INFO     | ETL_Top_100.c_video_extract | [31/100] Dang quet: Sabrina Carpenter...
2026-09-01 16:53:30 | INFO     | ETL_Top_100.c_video_extract | Thanh cong (364 videos)
2026-09-01 16:53:31 | INFO     | ETL_Top_100.c_video_extract | [32/100] Dang quet: Karol G...
2026-09-01 16:53:41 | INFO     | ETL_Top_100.c_video_extract | Thanh cong (320 videos)
2026-09-01 16:53:42 | INFO     | ETL_Top_100.c_video_extract | [33/100] Dang quet: Teddy Swims...
2026-09-01 16:53:55 | INFO     | ETL_Top_100.c_video_extract | Thanh cong (670 videos)
2026-09-01 16:53:56 | INFO     | ETL_Top_100.c_video_extract | [34/100] Dang quet: The Weeknd...
2026-09-01 16:54:04 | INFO     | ETL_Top_100.c_video_extract | Thanh cong (444 videos)
2026-09-01 16:54:05 | INFO     | ETL_Top_100.c_video_extract | [35/100] Dang quet: Sienna Spiro...
2026-09-01 16:54:15 | INFO     | ETL_Top_100.c_video_extract | Thanh cong (532 videos)
2026-09-01 16:54:16 | INFO     | ETL_Top_100.c_video_extract | [36/100] Dang quet: Alex Warren...
2026-09-01 16:54:23 | INFO     | ETL_Top_100.c_video_extract | Thanh cong (425 videos)
2026-09-01 16:54:24 | INFO     | ETL_Top_100.c_video_extract | [37/100] Dang quet: Kendrick Lamar...
2026-09-01 16:54:27 | INFO     | ETL_Top_100.c_video_extract | Thanh cong (102 videos)
2026-09-01 16:54:28 | INFO     | ETL_Top_100.c_video_extract | [38/100] Dang quet: Cody Johnson...
2026-09-01 16:54:36 | INFO     | ETL_Top_100.c_video_extract | Thanh cong (453 videos)
2026-09-01 16:54:37 | INFO     | ETL_Top_100.c_video_extract | [39/100] Dang quet: Benson Boone...
2026-09-01 16:54:46 | INFO     | ETL_Top_100.c_video_extract | Thanh cong (456 videos)
2026-09-01 16:54:47 | INFO     | ETL_Top_100.c_video_extract | [40/100] Dang quet: Malcolm Todd...
2026-09-01 16:54:50 | INFO     | ETL_Top_100.c_video_extract | Thanh cong (99 videos)
2026-09-01 16:54:51 | INFO     | ETL_Top_100.c_video_extract | [41/100] Dang quet: Harry Styles...
2026-09-01 16:54:55 | INFO     | ETL_Top_100.c_video_extract | Thanh cong (104 videos)
2026-09-01 16:54:56 | INFO     | ETL_Top_100.c_video_extract | [42/100] Dang quet: Gracie Abrams...
2026-09-01 16:55:02 | INFO     | ETL_Top_100.c_video_extract | Thanh cong (194 videos)
2026-09-01 16:55:03 | INFO     | ETL_Top_100.c_video_extract | [43/100] Dang quet: Billie Eilish...
2026-09-01 16:55:11 | INFO     | ETL_Top_100.c_video_extract | Thanh cong (396 videos)
2026-09-01 16:55:12 | INFO     | ETL_Top_100.c_video_extract | [44/100] Dang quet: Pooh Shiesty...
2026-09-01 16:55:15 | INFO     | ETL_Top_100.c_video_extract | Thanh cong (95 videos)
2026-09-01 16:55:16 | INFO     | ETL_Top_100.c_video_extract | [45/100] Dang quet: Dominic Fike...
2026-09-01 16:55:20 | INFO     | ETL_Top_100.c_video_extract | Thanh cong (72 videos)
2026-09-01 16:55:21 | INFO     | ETL_Top_100.c_video_extract | [46/100] Dang quet: Linkin Park...
2026-09-01 16:55:39 | INFO     | ETL_Top_100.c_video_extract | Thanh cong (1168 videos)
2026-09-01 16:55:40 | INFO     | ETL_Top_100.c_video_extract | [47/100] Dang quet: Nirvana...
2026-09-01 16:55:44 | INFO     | ETL_Top_100.c_video_extract | Thanh cong (147 videos)
2026-09-01 16:55:45 | INFO     | ETL_Top_100.c_video_extract | [48/100] Dang quet: Don Toliver...
2026-09-01 16:55:51 | INFO     | ETL_Top_100.c_video_extract | Thanh cong (263 videos)
2026-09-01 16:55:52 | INFO     | ETL_Top_100.c_video_extract | [49/100] Dang quet: Frank Ocean...
2026-09-01 16:55:54 | INFO     | ETL_Top_100.c_video_extract | Thanh cong (26 videos)
2026-09-01 16:55:55 | INFO     | ETL_Top_100.c_video_extract | [50/100] Dang quet: Marilyn Manson...
2026-09-01 16:55:59 | INFO     | ETL_Top_100.c_video_extract | Thanh cong (153 videos)
2026-09-01 16:56:00 | INFO     | ETL_Top_100.c_video_extract | [51/100] Dang quet: Mac Miller...
2026-09-01 16:56:06 | INFO     | ETL_Top_100.c_video_extract | Thanh cong (267 videos)
2026-09-01 16:56:07 | INFO     | ETL_Top_100.c_video_extract | [52/100] Dang quet: Kehlani...
2026-09-01 16:56:13 | INFO     | ETL_Top_100.c_video_extract | Thanh cong (281 videos)
2026-09-01 16:56:14 | INFO     | ETL_Top_100.c_video_extract | [53/100] Dang quet: Bailey Zimmerman...
2026-09-01 16:56:25 | INFO     | ETL_Top_100.c_video_extract | Thanh cong (581 videos)
2026-09-01 16:56:26 | INFO     | ETL_Top_100.c_video_extract | [54/100] Dang quet: Tems...
2026-09-01 16:56:29 | INFO     | ETL_Top_100.c_video_extract | Thanh cong (104 videos)
2026-09-01 16:56:30 | INFO     | ETL_Top_100.c_video_extract | [55/100] Dang quet: Deftones...
2026-09-01 16:56:34 | INFO     | ETL_Top_100.c_video_extract | Thanh cong (225 videos)
2026-09-01 16:56:35 | INFO     | ETL_Top_100.c_video_extract | [56/100] Dang quet: J. Cole...
2026-09-01 16:56:40 | INFO     | ETL_Top_100.c_video_extract | Thanh cong (265 videos)
2026-09-01 16:56:41 | INFO     | ETL_Top_100.c_video_extract | [57/100] Dang quet: Metallica...
2026-09-01 16:57:18 | INFO     | ETL_Top_100.c_video_extract | Thanh cong (2481 videos)
2026-09-01 16:57:19 | INFO     | ETL_Top_100.c_video_extract | [58/100] Dang quet: Red Hot Chili Peppers...
2026-09-01 16:57:23 | INFO     | ETL_Top_100.c_video_extract | Thanh cong (218 videos)
2026-09-01 16:57:24 | INFO     | ETL_Top_100.c_video_extract | [59/100] Dang quet: Katy Perry...
2026-09-01 16:57:33 | INFO     | ETL_Top_100.c_video_extract | Thanh cong (443 videos)
2026-09-01 16:57:34 | INFO     | ETL_Top_100.c_video_extract | [60/100] Dang quet: Tucker Wetmore...
2026-09-01 16:57:39 | INFO     | ETL_Top_100.c_video_extract | Thanh cong (258 videos)
2026-09-01 16:57:40 | INFO     | ETL_Top_100.c_video_extract | [61/100] Dang quet: HUNTR/X: EJAE, Audrey Nuna & REI AMI...
2026-09-01 16:57:41 | INFO     | ETL_Top_100.c_video_extract | Thanh cong (0 videos)
2026-09-01 16:57:42 | INFO     | ETL_Top_100.c_video_extract | [62/100] Dang quet: Eagles...
2026-09-01 16:57:45 | INFO     | ETL_Top_100.c_video_extract | Thanh cong (71 videos)
2026-09-01 16:57:46 | INFO     | ETL_Top_100.c_video_extract | [63/100] Dang quet: Alice in Chains...
2026-09-01 16:57:49 | INFO     | ETL_Top_100.c_video_extract | Thanh cong (117 videos)
2026-09-01 16:57:50 | INFO     | ETL_Top_100.c_video_extract | [64/100] Dang quet: Chappell Roan...
2026-09-01 16:57:56 | INFO     | ETL_Top_100.c_video_extract | Thanh cong (309 videos)
2026-09-01 16:57:57 | INFO     | ETL_Top_100.c_video_extract | [65/100] Dang quet: Lady Gaga...
2026-09-01 16:58:06 | INFO     | ETL_Top_100.c_video_extract | Thanh cong (499 videos)
2026-09-01 16:58:07 | INFO     | ETL_Top_100.c_video_extract | [66/100] Dang quet: Coldplay...
2026-09-01 16:58:16 | INFO     | ETL_Top_100.c_video_extract | Thanh cong (553 videos)
2026-09-01 16:58:17 | INFO     | ETL_Top_100.c_video_extract | [67/100] Dang quet: Jon Batiste...
2026-09-01 16:58:22 | INFO     | ETL_Top_100.c_video_extract | Thanh cong (195 videos)
2026-09-01 16:58:23 | INFO     | ETL_Top_100.c_video_extract | [68/100] Dang quet: Radiohead...
2026-09-01 16:58:27 | INFO     | ETL_Top_100.c_video_extract | Thanh cong (203 videos)
2026-09-01 16:58:28 | INFO     | ETL_Top_100.c_video_extract | [69/100] Dang quet: The Killers...
2026-09-01 16:58:33 | INFO     | ETL_Top_100.c_video_extract | Thanh cong (152 videos)
2026-09-01 16:58:34 | INFO     | ETL_Top_100.c_video_extract | [70/100] Dang quet: BTS...
2026-09-01 16:59:17 | INFO     | ETL_Top_100.c_video_extract | Thanh cong (3092 videos)
2026-09-01 16:59:18 | INFO     | ETL_Top_100.c_video_extract | [71/100] Dang quet: Creedence Clearwater Revival...
2026-09-01 16:59:34 | INFO     | ETL_Top_100.c_video_extract | Thanh cong (1007 videos)
2026-09-01 16:59:35 | INFO     | ETL_Top_100.c_video_extract | [72/100] Dang quet: Tate McRae...
2026-09-01 16:59:48 | INFO     | ETL_Top_100.c_video_extract | Thanh cong (759 videos)
2026-09-01 16:59:49 | INFO     | ETL_Top_100.c_video_extract | [73/100] Dang quet: Yung Miami...
2026-09-01 16:59:50 | INFO     | ETL_Top_100.c_video_extract | Thanh cong (3 videos)
2026-09-01 16:59:51 | INFO     | ETL_Top_100.c_video_extract | [74/100] Dang quet: Ye...
2026-09-01 16:59:56 | INFO     | ETL_Top_100.c_video_extract | Thanh cong (162 videos)
2026-09-01 16:59:57 | INFO     | ETL_Top_100.c_video_extract | [75/100] Dang quet: Koe Wetzel...
2026-09-01 17:00:04 | INFO     | ETL_Top_100.c_video_extract | Thanh cong (275 videos)
2026-09-01 17:00:05 | INFO     | ETL_Top_100.c_video_extract | [76/100] Dang quet: Megan Moroney...
2026-09-01 17:00:15 | INFO     | ETL_Top_100.c_video_extract | Thanh cong (416 videos)
2026-09-01 17:00:16 | INFO     | ETL_Top_100.c_video_extract | [77/100] Dang quet: JENNIE...
2026-09-01 17:00:20 | INFO     | ETL_Top_100.c_video_extract | Thanh cong (171 videos)
2026-09-01 17:00:21 | INFO     | ETL_Top_100.c_video_extract | [78/100] Dang quet: Jason Aldean...
2026-09-01 17:00:31 | INFO     | ETL_Top_100.c_video_extract | Thanh cong (644 videos)
2026-09-01 17:00:32 | INFO     | ETL_Top_100.c_video_extract | [79/100] Dang quet: Miguel...
2026-09-01 17:00:38 | INFO     | ETL_Top_100.c_video_extract | Thanh cong (270 videos)
2026-09-01 17:00:39 | INFO     | ETL_Top_100.c_video_extract | [80/100] Dang quet: Lynyrd Skynyrd...
2026-09-01 17:00:42 | INFO     | ETL_Top_100.c_video_extract | Thanh cong (118 videos)
2026-09-01 17:00:43 | INFO     | ETL_Top_100.c_video_extract | [81/100] Dang quet: Kacey Musgraves...
2026-09-01 17:00:51 | INFO     | ETL_Top_100.c_video_extract | Thanh cong (285 videos)
2026-09-01 17:00:52 | INFO     | ETL_Top_100.c_video_extract | [82/100] Dang quet: AC/DC...
2026-09-01 17:01:03 | INFO     | ETL_Top_100.c_video_extract | Thanh cong (409 videos)
2026-09-01 17:01:04 | INFO     | ETL_Top_100.c_video_extract | [83/100] Dang quet: Lil Wayne...
2026-09-01 17:01:13 | INFO     | ETL_Top_100.c_video_extract | Thanh cong (475 videos)
2026-09-01 17:01:14 | INFO     | ETL_Top_100.c_video_extract | [84/100] Dang quet: Yasiin Bey...
2026-09-01 17:01:15 | WARNING  | ETL_Top_100.c_video_extract | Loi: <HttpError 404 when requesting https://youtube.googleapis.com/youtube/v3/playlistItems?part=contentDetails&playlistId=UUr2k7kmR2HHaCBYIUlBScxQ&maxResults=50&key=AIzaSyBRBbA4kKnE3nYIVapuq3V6_fqe651kgAY&alt=json returned "The playlist identified with the request's <code>playlistId</code> parameter cannot be found.". Details: "[{'message': "The playlist identified with the request's <code>playlistId</code> parameter cannot be found.", 'domain': 'youtube.playlistItem', 'reason': 'playlistNotFound', 'location': 'playlistId', 'locationType': 'parameter'}]">
2026-09-01 17:01:16 | INFO     | ETL_Top_100.c_video_extract | [85/100] Dang quet: Cardi B...
2026-09-01 17:01:35 | INFO     | ETL_Top_100.c_video_extract | Thanh cong (1214 videos)
2026-09-01 17:01:36 | INFO     | ETL_Top_100.c_video_extract | [86/100] Dang quet: Tyler, The Creator...
2026-09-01 17:01:39 | INFO     | ETL_Top_100.c_video_extract | Thanh cong (113 videos)
2026-09-01 17:01:40 | INFO     | ETL_Top_100.c_video_extract | [87/100] Dang quet: Tyler Childers...
2026-09-01 17:01:44 | INFO     | ETL_Top_100.c_video_extract | Thanh cong (183 videos)
2026-09-01 17:01:45 | INFO     | ETL_Top_100.c_video_extract | [88/100] Dang quet: Ed Sheeran...
2026-09-01 17:01:57 | INFO     | ETL_Top_100.c_video_extract | Thanh cong (790 videos)
2026-09-01 17:01:58 | INFO     | ETL_Top_100.c_video_extract | [89/100] Dang quet: Foo Fighters...
2026-09-01 17:02:07 | INFO     | ETL_Top_100.c_video_extract | Thanh cong (458 videos)
2026-09-01 17:02:08 | INFO     | ETL_Top_100.c_video_extract | [90/100] Dang quet: CORTIS...
2026-09-01 17:02:24 | INFO     | ETL_Top_100.c_video_extract | Thanh cong (988 videos)
2026-09-01 17:02:25 | INFO     | ETL_Top_100.c_video_extract | [91/100] Dang quet: Three Days Grace...
2026-09-01 17:02:33 | INFO     | ETL_Top_100.c_video_extract | Thanh cong (435 videos)
2026-09-01 17:02:34 | INFO     | ETL_Top_100.c_video_extract | [92/100] Dang quet: Beyonce...
2026-09-01 17:02:42 | INFO     | ETL_Top_100.c_video_extract | Thanh cong (463 videos)
2026-09-01 17:02:43 | INFO     | ETL_Top_100.c_video_extract | [93/100] Dang quet: Conan Gray...
2026-09-01 17:02:49 | INFO     | ETL_Top_100.c_video_extract | Thanh cong (349 videos)
2026-09-01 17:02:50 | INFO     | ETL_Top_100.c_video_extract | [94/100] Dang quet: Journey...
2026-09-01 17:02:53 | INFO     | ETL_Top_100.c_video_extract | Thanh cong (171 videos)
2026-09-01 17:02:54 | INFO     | ETL_Top_100.c_video_extract | [95/100] Dang quet: Whiskey Myers...
2026-09-01 17:02:59 | INFO     | ETL_Top_100.c_video_extract | Thanh cong (273 videos)
2026-09-01 17:03:00 | INFO     | ETL_Top_100.c_video_extract | [96/100] Dang quet: Leon Thomas...
2026-09-01 17:03:05 | INFO     | ETL_Top_100.c_video_extract | Thanh cong (174 videos)
2026-09-01 17:03:06 | INFO     | ETL_Top_100.c_video_extract | [97/100] Dang quet: Goo Goo Dolls...
2026-09-01 17:03:17 | INFO     | ETL_Top_100.c_video_extract | Thanh cong (676 videos)
2026-09-01 17:03:18 | INFO     | ETL_Top_100.c_video_extract | [98/100] Dang quet: Arctic Monkeys...
2026-09-01 17:03:21 | INFO     | ETL_Top_100.c_video_extract | Thanh cong (101 videos)
2026-09-01 17:03:22 | INFO     | ETL_Top_100.c_video_extract | [99/100] Dang quet: Temper City...
2026-09-01 17:03:24 | INFO     | ETL_Top_100.c_video_extract | Thanh cong (44 videos)
2026-09-01 17:03:25 | INFO     | ETL_Top_100.c_video_extract | [100/100] Dang quet: Sublime...
2026-09-01 17:03:34 | INFO     | ETL_Top_100.c_video_extract | Thanh cong (563 videos)
2026-09-01 17:03:36 | INFO     | ETL_Top_100.c_video_extract | 
Hoan tat! Da luu tong cong 40596 videos vao FULL_Video_Details_Stat.csv
2026-09-01 17:03:36 | INFO     | ETL_Top_100.d_comment_extract | Dang tai danh sach Video...
2026-09-01 17:03:36 | WARNING  | ETL_Top_100.d_comment_extract | 🔍 Du lieu cu: Da co san binh luan cua 43 video trong may.
2026-09-01 17:03:36 | INFO     | ETL_Top_100.d_comment_extract | 🚀 Tien hanh quet 447 video con lai...

2026-09-01 17:03:36 | INFO     | ETL_Top_100.d_comment_extract | [1/447] Dang quet comment Video: v2AC41dglnM...
2026-09-01 17:03:46 | INFO     | ETL_Top_100.d_comment_extract |     -> Da nap & luu 2626 binh luan vao file.
2026-09-01 17:03:47 | INFO     | ETL_Top_100.d_comment_extract | [2/447] Dang quet comment Video: pAgnJDJN4VA...
2026-09-01 17:03:57 | INFO     | ETL_Top_100.d_comment_extract |     -> Da nap & luu 2663 binh luan vao file.
2026-09-01 17:03:58 | INFO     | ETL_Top_100.d_comment_extract | [3/447] Dang quet comment Video: gEPmA3USJdI...
2026-09-01 17:04:07 | INFO     | ETL_Top_100.d_comment_extract |     -> Da nap & luu 2604 binh luan vao file.
2026-09-01 17:04:08 | INFO     | ETL_Top_100.d_comment_extract | [4/447] Dang quet comment Video: l482T0yNkeo...
2026-09-01 17:04:16 | INFO     | ETL_Top_100.d_comment_extract |     -> Da nap & luu 2637 binh luan vao file.
2026-09-01 17:04:17 | INFO     | ETL_Top_100.d_comment_extract | [5/447] Dang quet comment Video: Lo2qQmj0_h4...
2026-09-01 17:04:29 | INFO     | ETL_Top_100.d_comment_extract |     -> Da nap & luu 2478 binh luan vao file.
2026-09-01 17:04:30 | INFO     | ETL_Top_100.d_comment_extract | [6/447] Dang quet comment Video: u2ah9tWTkmk...
2026-09-01 17:04:41 | INFO     | ETL_Top_100.d_comment_extract |     -> Da nap & luu 2500 binh luan vao file.
2026-09-01 17:04:42 | INFO     | ETL_Top_100.d_comment_extract | [7/447] Dang quet comment Video: V6HcJzM0TsY...
2026-09-01 17:04:46 | INFO     | ETL_Top_100.d_comment_extract |     -> Da nap & luu 982 binh luan vao file.
2026-09-01 17:04:48 | INFO     | ETL_Top_100.d_comment_extract | [8/447] Dang quet comment Video: Kla9U8p0nkQ...
2026-09-01 17:04:52 | INFO     | ETL_Top_100.d_comment_extract |     -> Da nap & luu 927 binh luan vao file.
2026-09-01 17:04:53 | INFO     | ETL_Top_100.d_comment_extract | [9/447] Dang quet comment Video: Gi21pAnPTgc...
2026-09-01 17:05:00 | INFO     | ETL_Top_100.d_comment_extract |     -> Da nap & luu 1056 binh luan vao file.
2026-09-01 17:05:01 | INFO     | ETL_Top_100.d_comment_extract | [10/447] Dang quet comment Video: A8dH4cKGa6s...
2026-09-01 17:05:10 | INFO     | ETL_Top_100.d_comment_extract |     -> Da nap & luu 1751 binh luan vao file.
2026-09-01 17:05:11 | INFO     | ETL_Top_100.d_comment_extract | [11/447] Dang quet comment Video: Nco_kh8xJDs...
2026-09-01 17:05:26 | INFO     | ETL_Top_100.d_comment_extract |     -> Da nap & luu 2621 binh luan vao file.
2026-09-01 17:05:27 | INFO     | ETL_Top_100.d_comment_extract | [12/447] Dang quet comment Video: TAqZb52sgpU...
2026-09-01 17:05:40 | INFO     | ETL_Top_100.d_comment_extract |     -> Da nap & luu 2575 binh luan vao file.
2026-09-01 17:05:41 | INFO     | ETL_Top_100.d_comment_extract | [13/447] Dang quet comment Video: uAE6Il6OTcs...
2026-09-01 17:05:52 | INFO     | ETL_Top_100.d_comment_extract |     -> Da nap & luu 2549 binh luan vao file.
2026-09-01 17:05:53 | INFO     | ETL_Top_100.d_comment_extract | [14/447] Dang quet comment Video: nWK0kqjPSVI...
2026-09-01 17:06:03 | INFO     | ETL_Top_100.d_comment_extract |     -> Da nap & luu 2614 binh luan vao file.
2026-09-01 17:06:04 | INFO     | ETL_Top_100.d_comment_extract | [15/447] Dang quet comment Video: 9EKi2E9dVY8...
2026-09-01 17:06:15 | INFO     | ETL_Top_100.d_comment_extract |     -> Da nap & luu 2704 binh luan vao file.
2026-09-01 17:06:16 | INFO     | ETL_Top_100.d_comment_extract | [16/447] Dang quet comment Video: bpOSxM0rNPM...
2026-09-01 17:06:25 | INFO     | ETL_Top_100.d_comment_extract |     -> Da nap & luu 2687 binh luan vao file.
2026-09-01 17:06:26 | INFO     | ETL_Top_100.d_comment_extract | [17/447] Dang quet comment Video: VQH8ZTgna3Q...
2026-09-01 17:06:34 | INFO     | ETL_Top_100.d_comment_extract |     -> Da nap & luu 2469 binh luan vao file.
2026-09-01 17:06:35 | INFO     | ETL_Top_100.d_comment_extract | [18/447] Dang quet comment Video: 6366dxFf-Os...
2026-09-01 17:06:45 | INFO     | ETL_Top_100.d_comment_extract |     -> Da nap & luu 2363 binh luan vao file.
2026-09-01 17:06:46 | INFO     | ETL_Top_100.d_comment_extract | [19/447] Dang quet comment Video: Jn6-TItCazo...
2026-09-01 17:06:56 | INFO     | ETL_Top_100.d_comment_extract |     -> Da nap & luu 1864 binh luan vao file.
2026-09-01 17:06:57 | INFO     | ETL_Top_100.d_comment_extract | [20/447] Dang quet comment Video: SXiSVQZLje8...
2026-09-01 17:07:08 | INFO     | ETL_Top_100.d_comment_extract |     -> Da nap & luu 1860 binh luan vao file.
2026-09-01 17:07:09 | INFO     | ETL_Top_100.d_comment_extract | [21/447] Dang quet comment Video: QYh6mYIJG2Y...
2026-09-01 17:07:19 | INFO     | ETL_Top_100.d_comment_extract |     -> Da nap & luu 2640 binh luan vao file.
2026-09-01 17:07:20 | INFO     | ETL_Top_100.d_comment_extract | [22/447] Dang quet comment Video: iS1g8G_njx8...
2026-09-01 17:07:31 | INFO     | ETL_Top_100.d_comment_extract |     -> Da nap & luu 2532 binh luan vao file.
2026-09-01 17:07:32 | INFO     | ETL_Top_100.d_comment_extract | [23/447] Dang quet comment Video: DbXMjAYSa68...
2026-09-01 17:07:43 | INFO     | ETL_Top_100.d_comment_extract |     -> Da nap & luu 2461 binh luan vao file.
2026-09-01 17:07:44 | INFO     | ETL_Top_100.d_comment_extract | [24/447] Dang quet comment Video: j6zWwAoEi_w...
2026-09-01 17:07:52 | INFO     | ETL_Top_100.d_comment_extract |     -> Da nap & luu 2280 binh luan vao file.
2026-09-01 17:07:53 | INFO     | ETL_Top_100.d_comment_extract | [25/447] Dang quet comment Video: Fl54gG0B8I0...
2026-09-01 17:08:05 | INFO     | ETL_Top_100.d_comment_extract |     -> Da nap & luu 2616 binh luan vao file.
2026-09-01 17:08:06 | INFO     | ETL_Top_100.d_comment_extract | [26/447] Dang quet comment Video: TmKh7lAwnBI...
2026-09-01 17:08:25 | INFO     | ETL_Top_100.d_comment_extract |     -> Da nap & luu 2546 binh luan vao file.
2026-09-01 17:08:26 | INFO     | ETL_Top_100.d_comment_extract | [27/447] Dang quet comment Video: OSUxrSe5GbI...
2026-09-01 17:08:37 | INFO     | ETL_Top_100.d_comment_extract |     -> Da nap & luu 2607 binh luan vao file.
2026-09-01 17:08:38 | INFO     | ETL_Top_100.d_comment_extract | [28/447] Dang quet comment Video: acEOASYioGY...
2026-09-01 17:08:53 | INFO     | ETL_Top_100.d_comment_extract |     -> Da nap & luu 2535 binh luan vao file.
2026-09-01 17:08:54 | INFO     | ETL_Top_100.d_comment_extract | [29/447] Dang quet comment Video: d1yKrnPHAmo...
2026-09-01 17:09:02 | INFO     | ETL_Top_100.d_comment_extract |     -> Da nap & luu 1752 binh luan vao file.
2026-09-01 17:09:03 | INFO     | ETL_Top_100.d_comment_extract | [30/447] Dang quet comment Video: QyapQFCHUlg...
2026-09-01 17:09:13 | INFO     | ETL_Top_100.d_comment_extract |     -> Da nap & luu 1667 binh luan vao file.
2026-09-01 17:09:14 | INFO     | ETL_Top_100.d_comment_extract | [31/447] Dang quet comment Video: 0XfOGBp52kc...
2026-09-01 17:09:21 | INFO     | ETL_Top_100.d_comment_extract |     -> Da nap & luu 1283 binh luan vao file.
2026-09-01 17:09:22 | INFO     | ETL_Top_100.d_comment_extract | [32/447] Dang quet comment Video: Oa_RSwwpPaA...
2026-09-01 17:09:32 | INFO     | ETL_Top_100.d_comment_extract |     -> Da nap & luu 2410 binh luan vao file.
2026-09-01 17:09:33 | INFO     | ETL_Top_100.d_comment_extract | [33/447] Dang quet comment Video: MTO-J3sgybE...
2026-09-01 17:09:42 | INFO     | ETL_Top_100.d_comment_extract |     -> Da nap & luu 1428 binh luan vao file.
2026-09-01 17:09:43 | INFO     | ETL_Top_100.d_comment_extract | [34/447] Dang quet comment Video: HPR-VwzbDRg...
2026-09-01 17:09:51 | INFO     | ETL_Top_100.d_comment_extract |     -> Da nap & luu 2143 binh luan vao file.
2026-09-01 17:09:52 | INFO     | ETL_Top_100.d_comment_extract | [35/447] Dang quet comment Video: bnVUHWCynig...
2026-09-01 17:10:03 | INFO     | ETL_Top_100.d_comment_extract |     -> Da nap & luu 2533 binh luan vao file.
2026-09-01 17:10:04 | INFO     | ETL_Top_100.d_comment_extract | [36/447] Dang quet comment Video: 4m1EFMoRFvY...
2026-09-01 17:10:14 | INFO     | ETL_Top_100.d_comment_extract |     -> Da nap & luu 2549 binh luan vao file.
2026-09-01 17:10:15 | INFO     | ETL_Top_100.d_comment_extract | [37/447] Dang quet comment Video: ViwtNLUqkMY...
2026-09-01 17:10:23 | INFO     | ETL_Top_100.d_comment_extract |     -> Da nap & luu 2537 binh luan vao file.
2026-09-01 17:10:24 | INFO     | ETL_Top_100.d_comment_extract | [38/447] Dang quet comment Video: V1Pl8CzNzCw...
2026-09-01 17:10:37 | INFO     | ETL_Top_100.d_comment_extract |     -> Da nap & luu 2725 binh luan vao file.
2026-09-01 17:10:38 | INFO     | ETL_Top_100.d_comment_extract | [39/447] Dang quet comment Video: DyDfgMOUjCI...
2026-09-01 17:10:50 | INFO     | ETL_Top_100.d_comment_extract |     -> Da nap & luu 2679 binh luan vao file.
2026-09-01 17:10:51 | INFO     | ETL_Top_100.d_comment_extract | [40/447] Dang quet comment Video: pbMwTqkKSps...
2026-09-01 17:11:02 | INFO     | ETL_Top_100.d_comment_extract |     -> Da nap & luu 2608 binh luan vao file.
2026-09-01 17:11:03 | INFO     | ETL_Top_100.d_comment_extract | [41/447] Dang quet comment Video: fLexgOxsZu0...
2026-09-01 17:11:12 | INFO     | ETL_Top_100.d_comment_extract |     -> Da nap & luu 2487 binh luan vao file.
2026-09-01 17:11:13 | INFO     | ETL_Top_100.d_comment_extract | [42/447] Dang quet comment Video: PMivT7MJ41M...
2026-09-01 17:11:24 | INFO     | ETL_Top_100.d_comment_extract |     -> Da nap & luu 2624 binh luan vao file.
2026-09-01 17:11:25 | INFO     | ETL_Top_100.d_comment_extract | [43/447] Dang quet comment Video: LjhCEhWiKXk...
2026-09-01 17:11:36 | INFO     | ETL_Top_100.d_comment_extract |     -> Da nap & luu 2641 binh luan vao file.
2026-09-01 17:11:37 | INFO     | ETL_Top_100.d_comment_extract | [44/447] Dang quet comment Video: UqyT8IEBkvY...
2026-09-01 17:11:50 | INFO     | ETL_Top_100.d_comment_extract |     -> Da nap & luu 2574 binh luan vao file.
2026-09-01 17:11:51 | INFO     | ETL_Top_100.d_comment_extract | [45/447] Dang quet comment Video: Q-ItC3Xcl3c...
2026-09-01 17:12:00 | INFO     | ETL_Top_100.d_comment_extract |     -> Da nap & luu 1522 binh luan vao file.
2026-09-01 17:12:01 | INFO     | ETL_Top_100.d_comment_extract | [46/447] Dang quet comment Video: YYRI6tPXMKQ...
2026-09-01 17:12:07 | INFO     | ETL_Top_100.d_comment_extract |     -> Da nap & luu 1219 binh luan vao file.
2026-09-01 17:12:08 | INFO     | ETL_Top_100.d_comment_extract | [47/447] Dang quet comment Video: l8DF8c27ZE8...
2026-09-01 17:12:15 | INFO     | ETL_Top_100.d_comment_extract |     -> Da nap & luu 1399 binh luan vao file.
2026-09-01 17:12:16 | INFO     | ETL_Top_100.d_comment_extract | [48/447] Dang quet comment Video: 4NE1zUKlrCg...
2026-09-01 17:12:22 | INFO     | ETL_Top_100.d_comment_extract |     -> Da nap & luu 1228 binh luan vao file.
2026-09-01 17:12:23 | INFO     | ETL_Top_100.d_comment_extract | [49/447] Dang quet comment Video: hibfRtF-r_E...
2026-09-01 17:12:31 | INFO     | ETL_Top_100.d_comment_extract |     -> Da nap & luu 1784 binh luan vao file.
2026-09-01 17:12:32 | INFO     | ETL_Top_100.d_comment_extract | [50/447] Dang quet comment Video: T1Go6C2gT4g...
2026-09-01 17:12:38 | INFO     | ETL_Top_100.d_comment_extract |     -> Da nap & luu 1170 binh luan vao file.
2026-09-01 17:12:39 | INFO     | ETL_Top_100.d_comment_extract | [51/447] Dang quet comment Video: 5W2iHpqgKY4...
2026-09-01 17:12:46 | INFO     | ETL_Top_100.d_comment_extract |     -> Da nap & luu 1249 binh luan vao file.
2026-09-01 17:12:47 | INFO     | ETL_Top_100.d_comment_extract | [52/447] Dang quet comment Video: zATLGr1u-2A...
2026-09-01 17:12:52 | INFO     | ETL_Top_100.d_comment_extract |     -> Da nap & luu 1026 binh luan vao file.
2026-09-01 17:12:53 | INFO     | ETL_Top_100.d_comment_extract | [53/447] Dang quet comment Video: 1RKqOmSkGgM...
2026-09-01 17:13:04 | INFO     | ETL_Top_100.d_comment_extract |     -> Da nap & luu 2472 binh luan vao file.
2026-09-01 17:13:05 | INFO     | ETL_Top_100.d_comment_extract | [54/447] Dang quet comment Video: GR3Liudev18...
2026-09-01 17:13:15 | INFO     | ETL_Top_100.d_comment_extract |     -> Da nap & luu 2291 binh luan vao file.
2026-09-01 17:13:16 | INFO     | ETL_Top_100.d_comment_extract | [55/447] Dang quet comment Video: xaPNR-_Cfn0...
2026-09-01 17:13:25 | INFO     | ETL_Top_100.d_comment_extract |     -> Da nap & luu 2037 binh luan vao file.
2026-09-01 17:13:26 | INFO     | ETL_Top_100.d_comment_extract | [56/447] Dang quet comment Video: 4zAThXFOy2c...
2026-09-01 17:13:35 | INFO     | ETL_Top_100.d_comment_extract |     -> Da nap & luu 2871 binh luan vao file.
2026-09-01 17:13:36 | INFO     | ETL_Top_100.d_comment_extract | [57/447] Dang quet comment Video: ZI-aPHeUDlk...
2026-09-01 17:13:45 | INFO     | ETL_Top_100.d_comment_extract |     -> Da nap & luu 2280 binh luan vao file.
2026-09-01 17:13:46 | INFO     | ETL_Top_100.d_comment_extract | [58/447] Dang quet comment Video: A3svABDnmio...
2026-09-01 17:13:57 | INFO     | ETL_Top_100.d_comment_extract |     -> Da nap & luu 2186 binh luan vao file.
2026-09-01 17:13:58 | INFO     | ETL_Top_100.d_comment_extract | [59/447] Dang quet comment Video: v2LixP7n_hM...
2026-09-01 17:14:10 | INFO     | ETL_Top_100.d_comment_extract |     -> Da nap & luu 2069 binh luan vao file.
2026-09-01 17:14:11 | INFO     | ETL_Top_100.d_comment_extract | [60/447] Dang quet comment Video: gOAabd-_rxw...
2026-09-01 17:14:23 | INFO     | ETL_Top_100.d_comment_extract |     -> Da nap & luu 1832 binh luan vao file.
2026-09-01 17:14:24 | INFO     | ETL_Top_100.d_comment_extract | [61/447] Dang quet comment Video: zHv-iLlZ66A...
2026-09-01 17:14:31 | INFO     | ETL_Top_100.d_comment_extract |     -> Da nap & luu 1459 binh luan vao file.
2026-09-01 17:14:32 | INFO     | ETL_Top_100.d_comment_extract | [62/447] Dang quet comment Video: YykjpeuMNEk...
2026-09-01 17:14:41 | INFO     | ETL_Top_100.d_comment_extract |     -> Da nap & luu 2676 binh luan vao file.
2026-09-01 17:14:42 | INFO     | ETL_Top_100.d_comment_extract | [63/447] Dang quet comment Video: 1G4isv_Fylg...
2026-09-01 17:14:54 | INFO     | ETL_Top_100.d_comment_extract |     -> Da nap & luu 2676 binh luan vao file.
2026-09-01 17:14:55 | INFO     | ETL_Top_100.d_comment_extract | [64/447] Dang quet comment Video: QtXby3twMmI...
2026-09-01 17:15:06 | INFO     | ETL_Top_100.d_comment_extract |     -> Da nap & luu 2467 binh luan vao file.
2026-09-01 17:15:07 | INFO     | ETL_Top_100.d_comment_extract | [65/447] Dang quet comment Video: 24u3NoPvgMw...
2026-09-01 17:15:17 | INFO     | ETL_Top_100.d_comment_extract |     -> Da nap & luu 2770 binh luan vao file.
2026-09-01 17:15:18 | INFO     | ETL_Top_100.d_comment_extract | [66/447] Dang quet comment Video: GPUg7n8-M6o...
2026-09-01 17:15:27 | INFO     | ETL_Top_100.d_comment_extract |     -> Da nap & luu 2764 binh luan vao file.
2026-09-01 17:15:28 | INFO     | ETL_Top_100.d_comment_extract | [67/447] Dang quet comment Video: -E-_IRJU5w0...
2026-09-01 17:15:38 | INFO     | ETL_Top_100.d_comment_extract |     -> Da nap & luu 2639 binh luan vao file.
2026-09-01 17:15:39 | INFO     | ETL_Top_100.d_comment_extract | [68/447] Dang quet comment Video: u1V8YRJnr4Q...
2026-09-01 17:15:50 | INFO     | ETL_Top_100.d_comment_extract |     -> Da nap & luu 2550 binh luan vao file.
2026-09-01 17:15:51 | INFO     | ETL_Top_100.d_comment_extract | [69/447] Dang quet comment Video: ZWijx_AgPiA...
2026-09-01 17:16:01 | INFO     | ETL_Top_100.d_comment_extract |     -> Da nap & luu 2378 binh luan vao file.
2026-09-01 17:16:02 | INFO     | ETL_Top_100.d_comment_extract | [70/447] Dang quet comment Video: Aae_RHRptRg...
2026-09-01 17:16:11 | INFO     | ETL_Top_100.d_comment_extract |     -> Da nap & luu 2176 binh luan vao file.
2026-09-01 17:16:12 | INFO     | ETL_Top_100.d_comment_extract | [71/447] Dang quet comment Video: KvknOXGPzCQ...
2026-09-01 17:16:20 | INFO     | ETL_Top_100.d_comment_extract |     -> Da nap & luu 2315 binh luan vao file.
2026-09-01 17:16:21 | INFO     | ETL_Top_100.d_comment_extract | [72/447] Dang quet comment Video: WPpDyIJdasg...
2026-09-01 17:16:30 | INFO     | ETL_Top_100.d_comment_extract |     -> Da nap & luu 2201 binh luan vao file.
2026-09-01 17:16:31 | INFO     | ETL_Top_100.d_comment_extract | [73/447] Dang quet comment Video: XOzs1FehYOA...
2026-09-01 17:16:39 | INFO     | ETL_Top_100.d_comment_extract |     -> Da nap & luu 2106 binh luan vao file.
2026-09-01 17:16:40 | INFO     | ETL_Top_100.d_comment_extract | [74/447] Dang quet comment Video: OWKzRngush4...
2026-09-01 17:16:49 | INFO     | ETL_Top_100.d_comment_extract |     -> Da nap & luu 2154 binh luan vao file.
2026-09-01 17:16:50 | INFO     | ETL_Top_100.d_comment_extract | [75/447] Dang quet comment Video: nb8CnIo_-_A...
2026-09-01 17:16:59 | INFO     | ETL_Top_100.d_comment_extract |     -> Da nap & luu 1729 binh luan vao file.
2026-09-01 17:17:00 | INFO     | ETL_Top_100.d_comment_extract | [76/447] Dang quet comment Video: KSXP1DRnTKc...
2026-09-01 17:17:08 | INFO     | ETL_Top_100.d_comment_extract |     -> Da nap & luu 1944 binh luan vao file.
2026-09-01 17:17:09 | INFO     | ETL_Top_100.d_comment_extract | [77/447] Dang quet comment Video: _r-nPqWGG6c...
2026-09-01 17:17:20 | INFO     | ETL_Top_100.d_comment_extract |     -> Da nap & luu 2699 binh luan vao file.
2026-09-01 17:17:21 | INFO     | ETL_Top_100.d_comment_extract | [78/447] Dang quet comment Video: 4IahvCIqeOc...
2026-09-01 17:17:32 | INFO     | ETL_Top_100.d_comment_extract |     -> Da nap & luu 2385 binh luan vao file.
2026-09-01 17:17:33 | INFO     | ETL_Top_100.d_comment_extract | [79/447] Dang quet comment Video: fCeiUX59_FM...
2026-09-01 17:17:39 | INFO     | ETL_Top_100.d_comment_extract |     -> Da nap & luu 1474 binh luan vao file.
2026-09-01 17:17:40 | INFO     | ETL_Top_100.d_comment_extract | [80/447] Dang quet comment Video: uxpDa-c-4Mc...
2026-09-01 17:17:51 | INFO     | ETL_Top_100.d_comment_extract |     -> Da nap & luu 1985 binh luan vao file.
2026-09-01 17:17:52 | INFO     | ETL_Top_100.d_comment_extract | [81/447] Dang quet comment Video: xpVfcZ0ZcFM...
2026-09-01 17:18:02 | INFO     | ETL_Top_100.d_comment_extract |     -> Da nap & luu 2664 binh luan vao file.
2026-09-01 17:18:03 | INFO     | ETL_Top_100.d_comment_extract | [82/447] Dang quet comment Video: JFm7YDVlqnI...
2026-09-01 17:18:15 | INFO     | ETL_Top_100.d_comment_extract |     -> Da nap & luu 2756 binh luan vao file.
2026-09-01 17:18:16 | INFO     | ETL_Top_100.d_comment_extract | [83/447] Dang quet comment Video: 09839DpTctU...
2026-09-01 17:18:28 | INFO     | ETL_Top_100.d_comment_extract |     -> Da nap & luu 2620 binh luan vao file.
2026-09-01 17:18:29 | INFO     | ETL_Top_100.d_comment_extract | [84/447] Dang quet comment Video: dLl4PZtxia8...
2026-09-01 17:18:37 | INFO     | ETL_Top_100.d_comment_extract |     -> Da nap & luu 2017 binh luan vao file.
2026-09-01 17:18:38 | INFO     | ETL_Top_100.d_comment_extract | [85/447] Dang quet comment Video: PqccEpqvwPY...
2026-09-01 17:18:48 | INFO     | ETL_Top_100.d_comment_extract |     -> Da nap & luu 2105 binh luan vao file.
2026-09-01 17:18:49 | INFO     | ETL_Top_100.d_comment_extract | [86/447] Dang quet comment Video: JGwWNGJdvx8...
2026-09-01 17:18:57 | INFO     | ETL_Top_100.d_comment_extract |     -> Da nap & luu 1725 binh luan vao file.
2026-09-01 17:18:58 | INFO     | ETL_Top_100.d_comment_extract | [87/447] Dang quet comment Video: 2Vv-BfVoq4g...
2026-09-01 17:19:09 | INFO     | ETL_Top_100.d_comment_extract |     -> Da nap & luu 2632 binh luan vao file.
2026-09-01 17:19:10 | INFO     | ETL_Top_100.d_comment_extract | [88/447] Dang quet comment Video: lp-EO5I60KA...
2026-09-01 17:19:23 | INFO     | ETL_Top_100.d_comment_extract |     -> Da nap & luu 2538 binh luan vao file.
2026-09-01 17:19:24 | INFO     | ETL_Top_100.d_comment_extract | [89/447] Dang quet comment Video: _dK2tDK9grQ...
2026-09-01 17:19:32 | INFO     | ETL_Top_100.d_comment_extract |     -> Da nap & luu 2442 binh luan vao file.
2026-09-01 17:19:33 | INFO     | ETL_Top_100.d_comment_extract | [90/447] Dang quet comment Video: Dm2TSMerGPQ...
2026-09-01 17:19:43 | INFO     | ETL_Top_100.d_comment_extract |     -> Da nap & luu 1943 binh luan vao file.
2026-09-01 17:19:44 | INFO     | ETL_Top_100.d_comment_extract | [91/447] Dang quet comment Video: hLOheGDwD_0...
2026-09-01 17:19:54 | INFO     | ETL_Top_100.d_comment_extract |     -> Da nap & luu 2072 binh luan vao file.
2026-09-01 17:19:55 | INFO     | ETL_Top_100.d_comment_extract | [92/447] Dang quet comment Video: nUsrYVxrDwI...
2026-09-01 17:20:06 | INFO     | ETL_Top_100.d_comment_extract |     -> Da nap & luu 2167 binh luan vao file.
2026-09-01 17:20:07 | INFO     | ETL_Top_100.d_comment_extract | [93/447] Dang quet comment Video: Dg47eNL_Usw...
2026-09-01 17:20:16 | INFO     | ETL_Top_100.d_comment_extract |     -> Da nap & luu 1582 binh luan vao file.
2026-09-01 17:20:17 | INFO     | ETL_Top_100.d_comment_extract | [94/447] Dang quet comment Video: sV_8fFSGUyI...
2026-09-01 17:20:23 | INFO     | ETL_Top_100.d_comment_extract |     -> Da nap & luu 1374 binh luan vao file.
2026-09-01 17:20:24 | INFO     | ETL_Top_100.d_comment_extract | [95/447] Dang quet comment Video: mwgg1Pu6cNg...
2026-09-01 17:20:35 | INFO     | ETL_Top_100.d_comment_extract |     -> Da nap & luu 2446 binh luan vao file.
2026-09-01 17:20:36 | INFO     | ETL_Top_100.d_comment_extract | [96/447] Dang quet comment Video: YF1R0hc5Q2I...
2026-09-01 17:20:47 | INFO     | ETL_Top_100.d_comment_extract |     -> Da nap & luu 2331 binh luan vao file.
2026-09-01 17:20:48 | INFO     | ETL_Top_100.d_comment_extract | [97/447] Dang quet comment Video: WM7-PYtXtJM...
2026-09-01 17:20:58 | INFO     | ETL_Top_100.d_comment_extract |     -> Da nap & luu 2521 binh luan vao file.
2026-09-01 17:20:59 | INFO     | ETL_Top_100.d_comment_extract | [98/447] Dang quet comment Video: 9b4F_ppjnKU...
2026-09-01 17:21:08 | INFO     | ETL_Top_100.d_comment_extract |     -> Da nap & luu 2174 binh luan vao file.
2026-09-01 17:21:09 | INFO     | ETL_Top_100.d_comment_extract | [99/447] Dang quet comment Video: uCGD9dT12C0...
2026-09-01 17:21:19 | INFO     | ETL_Top_100.d_comment_extract |     -> Da nap & luu 2322 binh luan vao file.
2026-09-01 17:21:20 | INFO     | ETL_Top_100.d_comment_extract | [100/447] Dang quet comment Video: SBjQ9tuuTJQ...
2026-09-01 17:21:28 | INFO     | ETL_Top_100.d_comment_extract |     -> Da nap & luu 2667 binh luan vao file.
2026-09-01 17:21:29 | INFO     | ETL_Top_100.d_comment_extract | [101/447] Dang quet comment Video: eBG7P-K-r1Y...
2026-09-01 17:21:42 | INFO     | ETL_Top_100.d_comment_extract |     -> Da nap & luu 2564 binh luan vao file.
2026-09-01 17:21:43 | INFO     | ETL_Top_100.d_comment_extract | [102/447] Dang quet comment Video: h_L4Rixya64...
2026-09-01 17:21:53 | INFO     | ETL_Top_100.d_comment_extract |     -> Da nap & luu 2375 binh luan vao file.
2026-09-01 17:21:54 | INFO     | ETL_Top_100.d_comment_extract | [103/447] Dang quet comment Video: 1VQ_3sBZEm0...
2026-09-01 17:22:03 | INFO     | ETL_Top_100.d_comment_extract |     -> Da nap & luu 2454 binh luan vao file.
2026-09-01 17:22:04 | INFO     | ETL_Top_100.d_comment_extract | [104/447] Dang quet comment Video: 4PkcfQtibmU...
2026-09-01 17:22:12 | INFO     | ETL_Top_100.d_comment_extract |     -> Da nap & luu 2290 binh luan vao file.
2026-09-01 17:22:13 | INFO     | ETL_Top_100.d_comment_extract | [105/447] Dang quet comment Video: uzS3WG6__G4...
2026-09-01 17:22:22 | INFO     | ETL_Top_100.d_comment_extract |     -> Da nap & luu 2211 binh luan vao file.
2026-09-01 17:22:23 | INFO     | ETL_Top_100.d_comment_extract | [106/447] Dang quet comment Video: r4l9bFqgMaQ...
2026-09-01 17:22:32 | INFO     | ETL_Top_100.d_comment_extract |     -> Da nap & luu 2338 binh luan vao file.
2026-09-01 17:22:33 | INFO     | ETL_Top_100.d_comment_extract | [107/447] Dang quet comment Video: XnbsIl2BnWw...
2026-09-01 17:22:42 | INFO     | ETL_Top_100.d_comment_extract |     -> Da nap & luu 2391 binh luan vao file.
2026-09-01 17:22:43 | INFO     | ETL_Top_100.d_comment_extract | [108/447] Dang quet comment Video: Dlz_XHeUUis...
2026-09-01 17:22:52 | INFO     | ETL_Top_100.d_comment_extract |     -> Da nap & luu 2200 binh luan vao file.
2026-09-01 17:22:53 | INFO     | ETL_Top_100.d_comment_extract | [109/447] Dang quet comment Video: AE005nZeF-A...
2026-09-01 17:23:07 | INFO     | ETL_Top_100.d_comment_extract |     -> Da nap & luu 2174 binh luan vao file.
2026-09-01 17:23:08 | INFO     | ETL_Top_100.d_comment_extract | [110/447] Dang quet comment Video: NdYWuo9OFAw...
2026-09-01 17:23:20 | INFO     | ETL_Top_100.d_comment_extract |     -> Da nap & luu 2754 binh luan vao file.
2026-09-01 17:23:21 | INFO     | ETL_Top_100.d_comment_extract | [111/447] Dang quet comment Video: _HZM0QiuUS8...
2026-09-01 17:23:30 | INFO     | ETL_Top_100.d_comment_extract |     -> Da nap & luu 2436 binh luan vao file.
2026-09-01 17:23:31 | INFO     | ETL_Top_100.d_comment_extract | [112/447] Dang quet comment Video: yP4qdefD2To...
2026-09-01 17:23:40 | INFO     | ETL_Top_100.d_comment_extract |     -> Da nap & luu 1881 binh luan vao file.
2026-09-01 17:23:41 | INFO     | ETL_Top_100.d_comment_extract | [113/447] Dang quet comment Video: tFmt2Y3nNDk...
2026-09-01 17:23:50 | INFO     | ETL_Top_100.d_comment_extract |     -> Da nap & luu 1808 binh luan vao file.
2026-09-01 17:23:51 | INFO     | ETL_Top_100.d_comment_extract | [114/447] Dang quet comment Video: yQOBUrRaPU0...
2026-09-01 17:24:01 | INFO     | ETL_Top_100.d_comment_extract |     -> Da nap & luu 2031 binh luan vao file.
2026-09-01 17:24:02 | INFO     | ETL_Top_100.d_comment_extract | [115/447] Dang quet comment Video: nijx6Np0o40...
2026-09-01 17:24:11 | INFO     | ETL_Top_100.d_comment_extract |     -> Da nap & luu 2123 binh luan vao file.
2026-09-01 17:24:12 | INFO     | ETL_Top_100.d_comment_extract | [116/447] Dang quet comment Video: uxjhN_Donfw...
2026-09-01 17:24:20 | INFO     | ETL_Top_100.d_comment_extract |     -> Da nap & luu 1573 binh luan vao file.
2026-09-01 17:24:21 | INFO     | ETL_Top_100.d_comment_extract | [117/447] Dang quet comment Video: BDHM8cyJQa8...
2026-09-01 17:24:29 | INFO     | ETL_Top_100.d_comment_extract |     -> Da nap & luu 1608 binh luan vao file.
2026-09-01 17:24:30 | INFO     | ETL_Top_100.d_comment_extract | [118/447] Dang quet comment Video: jmzAf54Re8A...
2026-09-01 17:24:38 | INFO     | ETL_Top_100.d_comment_extract |     -> Da nap & luu 1472 binh luan vao file.
2026-09-01 17:24:39 | INFO     | ETL_Top_100.d_comment_extract | [119/447] Dang quet comment Video: TiMuT2BhwO0...
2026-09-01 17:24:47 | INFO     | ETL_Top_100.d_comment_extract |     -> Da nap & luu 1408 binh luan vao file.
2026-09-01 17:24:48 | INFO     | ETL_Top_100.d_comment_extract | [120/447] Dang quet comment Video: qN4ooNx77u0...
2026-09-01 17:24:59 | INFO     | ETL_Top_100.d_comment_extract |     -> Da nap & luu 2697 binh luan vao file.
2026-09-01 17:25:00 | INFO     | ETL_Top_100.d_comment_extract | [121/447] Dang quet comment Video: H5v3kku4y6Q...
2026-09-01 17:25:10 | INFO     | ETL_Top_100.d_comment_extract |     -> Da nap & luu 2443 binh luan vao file.
2026-09-01 17:25:11 | INFO     | ETL_Top_100.d_comment_extract | [122/447] Dang quet comment Video: VF-r5TtlT9w...
2026-09-01 17:25:23 | INFO     | ETL_Top_100.d_comment_extract |     -> Da nap & luu 2632 binh luan vao file.
2026-09-01 17:25:24 | INFO     | ETL_Top_100.d_comment_extract | [123/447] Dang quet comment Video: E07s5ZYygMg...
2026-09-01 17:25:35 | INFO     | ETL_Top_100.d_comment_extract |     -> Da nap & luu 2612 binh luan vao file.
2026-09-01 17:25:36 | INFO     | ETL_Top_100.d_comment_extract | [124/447] Dang quet comment Video: P3cffdsEXXw...
2026-09-01 17:25:49 | INFO     | ETL_Top_100.d_comment_extract |     -> Da nap & luu 2691 binh luan vao file.
2026-09-01 17:25:50 | INFO     | ETL_Top_100.d_comment_extract | [125/447] Dang quet comment Video: WILNIXZr2oc...
2026-09-01 17:26:01 | INFO     | ETL_Top_100.d_comment_extract |     -> Da nap & luu 2530 binh luan vao file.
2026-09-01 17:26:02 | INFO     | ETL_Top_100.d_comment_extract | [126/447] Dang quet comment Video: jYdaQJzcAcw...
2026-09-01 17:26:15 | INFO     | ETL_Top_100.d_comment_extract |     -> Da nap & luu 2806 binh luan vao file.
2026-09-01 17:26:16 | INFO     | ETL_Top_100.d_comment_extract | [127/447] Dang quet comment Video: eCGV26aj-mM...
2026-09-01 17:26:26 | INFO     | ETL_Top_100.d_comment_extract |     -> Da nap & luu 2405 binh luan vao file.
2026-09-01 17:26:27 | INFO     | ETL_Top_100.d_comment_extract | [128/447] Dang quet comment Video: W5hSdGt2M8w...
2026-09-01 17:26:37 | INFO     | ETL_Top_100.d_comment_extract |     -> Da nap & luu 2000 binh luan vao file.
2026-09-01 17:26:38 | INFO     | ETL_Top_100.d_comment_extract | [129/447] Dang quet comment Video: eRaFMlZ1YHA...
2026-09-01 17:26:48 | INFO     | ETL_Top_100.d_comment_extract |     -> Da nap & luu 2558 binh luan vao file.
2026-09-01 17:26:49 | INFO     | ETL_Top_100.d_comment_extract | [130/447] Dang quet comment Video: JSFG-IE8n_c...
2026-09-01 17:26:58 | INFO     | ETL_Top_100.d_comment_extract |     -> Da nap & luu 2369 binh luan vao file.
2026-09-01 17:26:59 | INFO     | ETL_Top_100.d_comment_extract | [131/447] Dang quet comment Video: bB3-CUMERIU...
2026-09-01 17:27:08 | INFO     | ETL_Top_100.d_comment_extract |     -> Da nap & luu 2305 binh luan vao file.
2026-09-01 17:27:09 | INFO     | ETL_Top_100.d_comment_extract | [132/447] Dang quet comment Video: XD00TJ-6WSw...
2026-09-01 17:27:19 | INFO     | ETL_Top_100.d_comment_extract |     -> Da nap & luu 1945 binh luan vao file.
2026-09-01 17:27:20 | INFO     | ETL_Top_100.d_comment_extract | [133/447] Dang quet comment Video: eWAdpUyzCkI...
2026-09-01 17:27:30 | INFO     | ETL_Top_100.d_comment_extract |     -> Da nap & luu 2002 binh luan vao file.
2026-09-01 17:27:31 | INFO     | ETL_Top_100.d_comment_extract | [134/447] Dang quet comment Video: aS7al94FVbk...
2026-09-01 17:27:38 | INFO     | ETL_Top_100.d_comment_extract |     -> Da nap & luu 1460 binh luan vao file.
2026-09-01 17:27:39 | INFO     | ETL_Top_100.d_comment_extract | [135/447] Dang quet comment Video: Lb9q1ScC4cg...
2026-09-01 17:27:49 | INFO     | ETL_Top_100.d_comment_extract |     -> Da nap & luu 2362 binh luan vao file.
2026-09-01 17:27:50 | INFO     | ETL_Top_100.d_comment_extract | [136/447] Dang quet comment Video: jLCHpZ6B1gU...
2026-09-01 17:27:58 | INFO     | ETL_Top_100.d_comment_extract |     -> Da nap & luu 1975 binh luan vao file.
2026-09-01 17:27:59 | INFO     | ETL_Top_100.d_comment_extract | [137/447] Dang quet comment Video: xdImDqbgc2g...
2026-09-01 17:28:10 | INFO     | ETL_Top_100.d_comment_extract |     -> Da nap & luu 2132 binh luan vao file.
2026-09-01 17:28:11 | INFO     | ETL_Top_100.d_comment_extract | [138/447] Dang quet comment Video: yEwwtH9hcVI...
2026-09-01 17:28:21 | INFO     | ETL_Top_100.d_comment_extract |     -> Da nap & luu 1820 binh luan vao file.
2026-09-01 17:28:22 | INFO     | ETL_Top_100.d_comment_extract | [139/447] Dang quet comment Video: zsM8GD2Q4nU...
2026-09-01 17:28:31 | INFO     | ETL_Top_100.d_comment_extract |     -> Da nap & luu 1744 binh luan vao file.
2026-09-01 17:28:32 | INFO     | ETL_Top_100.d_comment_extract | [140/447] Dang quet comment Video: 3YHVC1DcHmo...
2026-09-01 17:28:42 | INFO     | ETL_Top_100.d_comment_extract |     -> Da nap & luu 1852 binh luan vao file.
2026-09-01 17:28:43 | INFO     | ETL_Top_100.d_comment_extract | [141/447] Dang quet comment Video: AXT00sWwuTQ...
2026-09-01 17:28:53 | INFO     | ETL_Top_100.d_comment_extract |     -> Da nap & luu 1751 binh luan vao file.
2026-09-01 17:28:54 | INFO     | ETL_Top_100.d_comment_extract | [142/447] Dang quet comment Video: Sdj_LnXTeQE...
2026-09-01 17:29:00 | INFO     | ETL_Top_100.d_comment_extract |     -> Da nap & luu 1278 binh luan vao file.
2026-09-01 17:29:01 | INFO     | ETL_Top_100.d_comment_extract | [143/447] Dang quet comment Video: 9542BuRJq6k...
2026-09-01 17:29:08 | INFO     | ETL_Top_100.d_comment_extract |     -> Da nap & luu 1138 binh luan vao file.
2026-09-01 17:29:09 | INFO     | ETL_Top_100.d_comment_extract | [144/447] Dang quet comment Video: -5YRhvH6Uys...
2026-09-01 17:29:17 | INFO     | ETL_Top_100.d_comment_extract |     -> Da nap & luu 1465 binh luan vao file.
2026-09-01 17:29:18 | INFO     | ETL_Top_100.d_comment_extract | [145/447] Dang quet comment Video: VcjzHMhBtf0...
2026-09-01 17:29:30 | INFO     | ETL_Top_100.d_comment_extract |     -> Da nap & luu 2609 binh luan vao file.
2026-09-01 17:29:31 | INFO     | ETL_Top_100.d_comment_extract | [146/447] Dang quet comment Video: 1k8craCGpgs...
2026-09-01 17:29:40 | INFO     | ETL_Top_100.d_comment_extract |     -> Da nap & luu 2424 binh luan vao file.
2026-09-01 17:29:41 | INFO     | ETL_Top_100.d_comment_extract | [147/447] Dang quet comment Video: OMD8hBsA-RI...
2026-09-01 17:29:55 | INFO     | ETL_Top_100.d_comment_extract |     -> Da nap & luu 2612 binh luan vao file.
2026-09-01 17:29:56 | INFO     | ETL_Top_100.d_comment_extract | [148/447] Dang quet comment Video: LatorN4P9aA...
2026-09-01 17:30:05 | INFO     | ETL_Top_100.d_comment_extract |     -> Da nap & luu 2463 binh luan vao file.
2026-09-01 17:30:06 | INFO     | ETL_Top_100.d_comment_extract | [149/447] Dang quet comment Video: idE1lsqG2Vc...
2026-09-01 17:30:16 | INFO     | ETL_Top_100.d_comment_extract |     -> Da nap & luu 2452 binh luan vao file.
2026-09-01 17:30:17 | INFO     | ETL_Top_100.d_comment_extract | [150/447] Dang quet comment Video: fRh_vgS2dFE...
2026-09-01 17:30:27 | INFO     | ETL_Top_100.d_comment_extract |     -> Da nap & luu 2193 binh luan vao file.
2026-09-01 17:30:28 | INFO     | ETL_Top_100.d_comment_extract | [151/447] Dang quet comment Video: kffacxfA7G4...
2026-09-01 17:30:35 | INFO     | ETL_Top_100.d_comment_extract |     -> Da nap & luu 1942 binh luan vao file.
2026-09-01 17:30:36 | INFO     | ETL_Top_100.d_comment_extract | [152/447] Dang quet comment Video: DK_0jXPuIr0...
2026-09-01 17:30:46 | INFO     | ETL_Top_100.d_comment_extract |     -> Da nap & luu 2189 binh luan vao file.
2026-09-01 17:30:47 | INFO     | ETL_Top_100.d_comment_extract | [153/447] Dang quet comment Video: oyEuk8j8imI...
2026-09-01 17:30:56 | INFO     | ETL_Top_100.d_comment_extract |     -> Da nap & luu 2479 binh luan vao file.
2026-09-01 17:30:57 | INFO     | ETL_Top_100.d_comment_extract | [154/447] Dang quet comment Video: _Z5-P9v3F8w...
2026-09-01 17:31:06 | INFO     | ETL_Top_100.d_comment_extract |     -> Da nap & luu 2546 binh luan vao file.
2026-09-01 17:31:07 | INFO     | ETL_Top_100.d_comment_extract | [155/447] Dang quet comment Video: co-TFLbaZAE...
2026-09-01 17:31:17 | INFO     | ETL_Top_100.d_comment_extract |     -> Da nap & luu 2319 binh luan vao file.
2026-09-01 17:31:18 | INFO     | ETL_Top_100.d_comment_extract | [156/447] Dang quet comment Video: PkMKJEkE8Mo...
2026-09-01 17:31:27 | INFO     | ETL_Top_100.d_comment_extract |     -> Da nap & luu 2112 binh luan vao file.
2026-09-01 17:31:28 | INFO     | ETL_Top_100.d_comment_extract | [157/447] Dang quet comment Video: USukkM5OWG8...
2026-09-01 17:31:42 | INFO     | ETL_Top_100.d_comment_extract |     -> Da nap & luu 1458 binh luan vao file.
2026-09-01 17:31:43 | INFO     | ETL_Top_100.d_comment_extract | [158/447] Dang quet comment Video: kG0z7hwY3as...
2026-09-01 17:31:53 | INFO     | ETL_Top_100.d_comment_extract |     -> Da nap & luu 2159 binh luan vao file.
2026-09-01 17:31:54 | INFO     | ETL_Top_100.d_comment_extract | [159/447] Dang quet comment Video: 74ynYHo3_pw...
2026-09-01 17:32:04 | INFO     | ETL_Top_100.d_comment_extract |     -> Da nap & luu 1547 binh luan vao file.
2026-09-01 17:32:05 | INFO     | ETL_Top_100.d_comment_extract | [160/447] Dang quet comment Video: kQ8xqyoZXCc...
2026-09-01 17:32:16 | INFO     | ETL_Top_100.d_comment_extract |     -> Da nap & luu 1827 binh luan vao file.
2026-09-01 17:32:17 | INFO     | ETL_Top_100.d_comment_extract | [161/447] Dang quet comment Video: 6OFv566mj7s...
2026-09-01 17:32:28 | INFO     | ETL_Top_100.d_comment_extract |     -> Da nap & luu 2041 binh luan vao file.
2026-09-01 17:32:29 | INFO     | ETL_Top_100.d_comment_extract | [162/447] Dang quet comment Video: BM5Xa1FvNQQ...
2026-09-01 17:32:37 | INFO     | ETL_Top_100.d_comment_extract |     -> Da nap & luu 1637 binh luan vao file.
2026-09-01 17:32:38 | INFO     | ETL_Top_100.d_comment_extract | [163/447] Dang quet comment Video: GZfj2Ir3GgQ...
2026-09-01 17:32:47 | INFO     | ETL_Top_100.d_comment_extract |     -> Da nap & luu 1462 binh luan vao file.
2026-09-01 17:32:48 | INFO     | ETL_Top_100.d_comment_extract | [164/447] Dang quet comment Video: JEsEUpk5rU8...
2026-09-01 17:32:55 | INFO     | ETL_Top_100.d_comment_extract |     -> Da nap & luu 1207 binh luan vao file.
2026-09-01 17:32:56 | INFO     | ETL_Top_100.d_comment_extract | [165/447] Dang quet comment Video: tbneQDc2H3I...
2026-09-01 17:33:05 | INFO     | ETL_Top_100.d_comment_extract |     -> Da nap & luu 2405 binh luan vao file.
2026-09-01 17:33:06 | INFO     | ETL_Top_100.d_comment_extract | [166/447] Dang quet comment Video: jZGpkLElSu8...
2026-09-01 17:33:16 | INFO     | ETL_Top_100.d_comment_extract |     -> Da nap & luu 2316 binh luan vao file.
2026-09-01 17:33:17 | INFO     | ETL_Top_100.d_comment_extract | [167/447] Dang quet comment Video: QaXhVryxVBk...
2026-09-01 17:33:26 | INFO     | ETL_Top_100.d_comment_extract |     -> Da nap & luu 2422 binh luan vao file.
2026-09-01 17:33:27 | INFO     | ETL_Top_100.d_comment_extract | [168/447] Dang quet comment Video: QCZZwZQ4qNs...
2026-09-01 17:33:33 | INFO     | ETL_Top_100.d_comment_extract |     -> Da nap & luu 2325 binh luan vao file.
2026-09-01 17:33:34 | INFO     | ETL_Top_100.d_comment_extract | [169/447] Dang quet comment Video: ca48oMV59LU...
2026-09-01 17:33:49 | INFO     | ETL_Top_100.d_comment_extract |     -> Da nap & luu 2192 binh luan vao file.
2026-09-01 17:33:50 | INFO     | ETL_Top_100.d_comment_extract | [170/447] Dang quet comment Video: CevxZvSJLk8...
2026-09-01 17:33:59 | INFO     | ETL_Top_100.d_comment_extract |     -> Da nap & luu 2233 binh luan vao file.
2026-09-01 17:34:00 | INFO     | ETL_Top_100.d_comment_extract | [171/447] Dang quet comment Video: 0KSOMA3QBU0...
2026-09-01 17:34:10 | INFO     | ETL_Top_100.d_comment_extract |     -> Da nap & luu 2450 binh luan vao file.
2026-09-01 17:34:11 | INFO     | ETL_Top_100.d_comment_extract | [172/447] Dang quet comment Video: KlyXNRrsk4A...
2026-09-01 17:34:22 | INFO     | ETL_Top_100.d_comment_extract |     -> Da nap & luu 2683 binh luan vao file.
2026-09-01 17:34:23 | INFO     | ETL_Top_100.d_comment_extract | [173/447] Dang quet comment Video: QGJuMBdaqIw...
2026-09-01 17:34:35 | INFO     | ETL_Top_100.d_comment_extract |     -> Da nap & luu 2611 binh luan vao file.
2026-09-01 17:34:36 | INFO     | ETL_Top_100.d_comment_extract | [174/447] Dang quet comment Video: dPI-mRFEIH0...
2026-09-01 17:34:48 | INFO     | ETL_Top_100.d_comment_extract |     -> Da nap & luu 2417 binh luan vao file.
2026-09-01 17:34:49 | INFO     | ETL_Top_100.d_comment_extract | [175/447] Dang quet comment Video: FG9M0aEpJGE...
2026-09-01 17:35:00 | INFO     | ETL_Top_100.d_comment_extract |     -> Da nap & luu 2542 binh luan vao file.
2026-09-01 17:35:01 | INFO     | ETL_Top_100.d_comment_extract | [176/447] Dang quet comment Video: LAYgZEMMWxo...
2026-09-01 17:35:14 | INFO     | ETL_Top_100.d_comment_extract |     -> Da nap & luu 2607 binh luan vao file.
2026-09-01 17:35:15 | INFO     | ETL_Top_100.d_comment_extract | [177/447] Dang quet comment Video: KFMYx1TibeQ...
2026-09-01 17:35:26 | INFO     | ETL_Top_100.d_comment_extract |     -> Da nap & luu 1658 binh luan vao file.
2026-09-01 17:35:27 | INFO     | ETL_Top_100.d_comment_extract | [178/447] Dang quet comment Video: 0E1xYcXsGp0...
2026-09-01 17:35:36 | INFO     | ETL_Top_100.d_comment_extract |     -> Da nap & luu 2038 binh luan vao file.
2026-09-01 17:35:37 | INFO     | ETL_Top_100.d_comment_extract | [179/447] Dang quet comment Video: HPHbeSGVKJo...
2026-09-01 17:35:47 | INFO     | ETL_Top_100.d_comment_extract |     -> Da nap & luu 2155 binh luan vao file.
2026-09-01 17:35:48 | INFO     | ETL_Top_100.d_comment_extract | [180/447] Dang quet comment Video: tvTRZJ-4EyI...
2026-09-01 17:35:58 | INFO     | ETL_Top_100.d_comment_extract |     -> Da nap & luu 2692 binh luan vao file.
2026-09-01 17:35:59 | INFO     | ETL_Top_100.d_comment_extract | [181/447] Dang quet comment Video: JQbjS0_ZfJ0...
2026-09-01 17:36:09 | INFO     | ETL_Top_100.d_comment_extract |     -> Da nap & luu 2619 binh luan vao file.
2026-09-01 17:36:10 | INFO     | ETL_Top_100.d_comment_extract | [182/447] Dang quet comment Video: H58vbez_m4E...
2026-09-01 17:36:25 | INFO     | ETL_Top_100.d_comment_extract |     -> Da nap & luu 2741 binh luan vao file.
2026-09-01 17:36:26 | INFO     | ETL_Top_100.d_comment_extract | [183/447] Dang quet comment Video: NLZRYQMLDW4...
2026-09-01 17:36:36 | INFO     | ETL_Top_100.d_comment_extract |     -> Da nap & luu 2472 binh luan vao file.
2026-09-01 17:36:37 | INFO     | ETL_Top_100.d_comment_extract | [184/447] Dang quet comment Video: B5YNiCfWC3A...
2026-09-01 17:36:48 | INFO     | ETL_Top_100.d_comment_extract |     -> Da nap & luu 2736 binh luan vao file.
2026-09-01 17:36:49 | INFO     | ETL_Top_100.d_comment_extract | [185/447] Dang quet comment Video: UyAKpowkUDA...
2026-09-01 17:36:58 | INFO     | ETL_Top_100.d_comment_extract |     -> Da nap & luu 1611 binh luan vao file.
2026-09-01 17:36:59 | INFO     | ETL_Top_100.d_comment_extract | [186/447] Dang quet comment Video: SzQpj5GRvVs...
2026-09-01 17:37:02 | INFO     | ETL_Top_100.d_comment_extract |     -> Da nap & luu 633 binh luan vao file.
2026-09-01 17:37:03 | INFO     | ETL_Top_100.d_comment_extract | [187/447] Dang quet comment Video: SHWD8BUssVo...
2026-09-01 17:37:05 | INFO     | ETL_Top_100.d_comment_extract |     -> Da nap & luu 353 binh luan vao file.
2026-09-01 17:37:06 | INFO     | ETL_Top_100.d_comment_extract | [188/447] Dang quet comment Video: x0SKKvh_7jY...
2026-09-01 17:37:11 | INFO     | ETL_Top_100.d_comment_extract |     -> Da nap & luu 990 binh luan vao file.
2026-09-01 17:37:12 | INFO     | ETL_Top_100.d_comment_extract | [189/447] Dang quet comment Video: CCOfzx4cn3U...
2026-09-01 17:37:17 | INFO     | ETL_Top_100.d_comment_extract |     -> Da nap & luu 873 binh luan vao file.
2026-09-01 17:37:18 | INFO     | ETL_Top_100.d_comment_extract | [190/447] Dang quet comment Video: qrO4YZeyl0I...
2026-09-01 17:37:27 | INFO     | ETL_Top_100.d_comment_extract |     -> Da nap & luu 2547 binh luan vao file.
2026-09-01 17:37:28 | INFO     | ETL_Top_100.d_comment_extract | [191/447] Dang quet comment Video: bo_efYhYU2A...
2026-09-01 17:37:41 | INFO     | ETL_Top_100.d_comment_extract |     -> Da nap & luu 2648 binh luan vao file.
2026-09-01 17:37:42 | INFO     | ETL_Top_100.d_comment_extract | [192/447] Dang quet comment Video: kPa7bsKwL-c...
2026-09-01 17:37:54 | INFO     | ETL_Top_100.d_comment_extract |     -> Da nap & luu 2703 binh luan vao file.
2026-09-01 17:37:55 | INFO     | ETL_Top_100.d_comment_extract | [193/447] Dang quet comment Video: bESGLojNYSo...
2026-09-01 17:38:06 | INFO     | ETL_Top_100.d_comment_extract |     -> Da nap & luu 2526 binh luan vao file.
2026-09-01 17:38:07 | INFO     | ETL_Top_100.d_comment_extract | [194/447] Dang quet comment Video: JPJjwHAIny4...
2026-09-01 17:38:20 | INFO     | ETL_Top_100.d_comment_extract |     -> Da nap & luu 2477 binh luan vao file.
2026-09-01 17:38:21 | INFO     | ETL_Top_100.d_comment_extract | [195/447] Dang quet comment Video: ejEzHE5ZMT8...
2026-09-01 17:38:29 | INFO     | ETL_Top_100.d_comment_extract |     -> Da nap & luu 1636 binh luan vao file.
2026-09-01 17:38:30 | INFO     | ETL_Top_100.d_comment_extract | [196/447] Dang quet comment Video: ueLrb3-oVpY...
2026-09-01 17:38:40 | INFO     | ETL_Top_100.d_comment_extract |     -> Da nap & luu 1550 binh luan vao file.
2026-09-01 17:38:41 | INFO     | ETL_Top_100.d_comment_extract | [197/447] Dang quet comment Video: U0C1UrO91B8...
2026-09-01 17:38:49 | INFO     | ETL_Top_100.d_comment_extract |     -> Da nap & luu 1240 binh luan vao file.
2026-09-01 17:38:50 | INFO     | ETL_Top_100.d_comment_extract | [198/447] Dang quet comment Video: OyfRNIVm0TA...
2026-09-01 17:38:57 | INFO     | ETL_Top_100.d_comment_extract |     -> Da nap & luu 1189 binh luan vao file.
2026-09-01 17:38:58 | INFO     | ETL_Top_100.d_comment_extract | [199/447] Dang quet comment Video: l1QokYhcdEg...
2026-09-01 17:39:04 | INFO     | ETL_Top_100.d_comment_extract |     -> Da nap & luu 1030 binh luan vao file.
2026-09-01 17:39:05 | INFO     | ETL_Top_100.d_comment_extract | [200/447] Dang quet comment Video: MHryuYVyHhk...
2026-09-01 17:39:16 | INFO     | ETL_Top_100.d_comment_extract |     -> Da nap & luu 2591 binh luan vao file.
2026-09-01 17:39:17 | INFO     | ETL_Top_100.d_comment_extract | [201/447] Dang quet comment Video: GErG9femMQk...
2026-09-01 17:39:30 | INFO     | ETL_Top_100.d_comment_extract |     -> Da nap & luu 2571 binh luan vao file.
2026-09-01 17:39:31 | INFO     | ETL_Top_100.d_comment_extract | [202/447] Dang quet comment Video: THcVOf1kNh0...
2026-09-01 17:39:44 | INFO     | ETL_Top_100.d_comment_extract |     -> Da nap & luu 2485 binh luan vao file.
2026-09-01 17:39:45 | INFO     | ETL_Top_100.d_comment_extract | [203/447] Dang quet comment Video: hhzYbExfVIY...
2026-09-01 17:39:57 | INFO     | ETL_Top_100.d_comment_extract |     -> Da nap & luu 2455 binh luan vao file.
2026-09-01 17:39:58 | INFO     | ETL_Top_100.d_comment_extract | [204/447] Dang quet comment Video: nUEqPtVGIpE...
2026-09-01 17:40:10 | INFO     | ETL_Top_100.d_comment_extract |     -> Da nap & luu 2328 binh luan vao file.
2026-09-01 17:40:11 | INFO     | ETL_Top_100.d_comment_extract | [205/447] Dang quet comment Video: OZLUa8JUR18...
2026-09-01 17:40:22 | INFO     | ETL_Top_100.d_comment_extract |     -> Da nap & luu 2587 binh luan vao file.
2026-09-01 17:40:23 | INFO     | ETL_Top_100.d_comment_extract | [206/447] Dang quet comment Video: 2IH8tNQAzSs...
2026-09-01 17:40:33 | INFO     | ETL_Top_100.d_comment_extract |     -> Da nap & luu 2518 binh luan vao file.
2026-09-01 17:40:34 | INFO     | ETL_Top_100.d_comment_extract | [207/447] Dang quet comment Video: KY44zvhWhp4...
2026-09-01 17:40:45 | INFO     | ETL_Top_100.d_comment_extract |     -> Da nap & luu 2454 binh luan vao file.
2026-09-01 17:40:46 | INFO     | ETL_Top_100.d_comment_extract | [208/447] Dang quet comment Video: ErCAOMi5EGM...
2026-09-01 17:40:57 | INFO     | ETL_Top_100.d_comment_extract |     -> Da nap & luu 2348 binh luan vao file.
2026-09-01 17:40:58 | INFO     | ETL_Top_100.d_comment_extract | [209/447] Dang quet comment Video: y8Gf4-eT3w0...
2026-09-01 17:41:11 | INFO     | ETL_Top_100.d_comment_extract |     -> Da nap & luu 2479 binh luan vao file.
2026-09-01 17:41:12 | INFO     | ETL_Top_100.d_comment_extract | [210/447] Dang quet comment Video: kXYiU_JCYtU...
2026-09-01 17:41:25 | INFO     | ETL_Top_100.d_comment_extract |     -> Da nap & luu 2591 binh luan vao file.
2026-09-01 17:41:26 | INFO     | ETL_Top_100.d_comment_extract | [211/447] Dang quet comment Video: eVTXPUF4Oz4...
2026-09-01 17:41:38 | INFO     | ETL_Top_100.d_comment_extract |     -> Da nap & luu 2639 binh luan vao file.
2026-09-01 17:41:39 | INFO     | ETL_Top_100.d_comment_extract | [212/447] Dang quet comment Video: 8sgycukafqQ...
2026-09-01 17:41:50 | INFO     | ETL_Top_100.d_comment_extract |     -> Da nap & luu 2060 binh luan vao file.
2026-09-01 17:41:51 | INFO     | ETL_Top_100.d_comment_extract | [213/447] Dang quet comment Video: ysSxxIqKNN0...
2026-09-01 17:42:02 | INFO     | ETL_Top_100.d_comment_extract |     -> Da nap & luu 2626 binh luan vao file.
2026-09-01 17:42:03 | INFO     | ETL_Top_100.d_comment_extract | [214/447] Dang quet comment Video: ScNNfyq3d_w...
2026-09-01 17:42:15 | INFO     | ETL_Top_100.d_comment_extract |     -> Da nap & luu 2587 binh luan vao file.
2026-09-01 17:42:16 | INFO     | ETL_Top_100.d_comment_extract | [215/447] Dang quet comment Video: uXyxFMbqKYA...
2026-09-01 17:42:31 | INFO     | ETL_Top_100.d_comment_extract |     -> Da nap & luu 2577 binh luan vao file.
2026-09-01 17:42:32 | INFO     | ETL_Top_100.d_comment_extract | [216/447] Dang quet comment Video: rItv9i6c7AY...
2026-09-01 17:42:44 | INFO     | ETL_Top_100.d_comment_extract |     -> Da nap & luu 2535 binh luan vao file.
2026-09-01 17:42:45 | INFO     | ETL_Top_100.d_comment_extract | [217/447] Dang quet comment Video: BixwVsiDdZM...
2026-09-01 17:42:57 | INFO     | ETL_Top_100.d_comment_extract |     -> Da nap & luu 2342 binh luan vao file.
2026-09-01 17:42:58 | INFO     | ETL_Top_100.d_comment_extract | [218/447] Dang quet comment Video: a2a9fgPI_PI...
2026-09-01 17:43:09 | INFO     | ETL_Top_100.d_comment_extract |     -> Da nap & luu 1934 binh luan vao file.
2026-09-01 17:43:10 | INFO     | ETL_Top_100.d_comment_extract | [219/447] Dang quet comment Video: Ct9BFr9XBaI...
2026-09-01 17:43:20 | INFO     | ETL_Top_100.d_comment_extract |     -> Da nap & luu 2023 binh luan vao file.
2026-09-01 17:43:21 | INFO     | ETL_Top_100.d_comment_extract | [220/447] Dang quet comment Video: Mqfwbf3X8SA...
2026-09-01 17:43:30 | INFO     | ETL_Top_100.d_comment_extract |     -> Da nap & luu 2176 binh luan vao file.
2026-09-01 17:43:31 | INFO     | ETL_Top_100.d_comment_extract | [221/447] Dang quet comment Video: 8eNoms9wsGc...
2026-09-01 17:43:42 | INFO     | ETL_Top_100.d_comment_extract |     -> Da nap & luu 1980 binh luan vao file.
2026-09-01 17:43:43 | INFO     | ETL_Top_100.d_comment_extract | [222/447] Dang quet comment Video: 0LwcvjNJTuM...
2026-09-01 17:43:55 | INFO     | ETL_Top_100.d_comment_extract |     -> Da nap & luu 2477 binh luan vao file.
2026-09-01 17:43:56 | INFO     | ETL_Top_100.d_comment_extract | [223/447] Dang quet comment Video: -p8GXZcdrIk...
2026-09-01 17:44:06 | INFO     | ETL_Top_100.d_comment_extract |     -> Da nap & luu 1775 binh luan vao file.
2026-09-01 17:44:07 | INFO     | ETL_Top_100.d_comment_extract | [224/447] Dang quet comment Video: MQNRKX8GwPo...
2026-09-01 17:44:21 | INFO     | ETL_Top_100.d_comment_extract |     -> Da nap & luu 1926 binh luan vao file.
2026-09-01 17:44:22 | INFO     | ETL_Top_100.d_comment_extract | [225/447] Dang quet comment Video: SsKT0s5J8ko...
2026-09-01 17:44:34 | INFO     | ETL_Top_100.d_comment_extract |     -> Da nap & luu 2759 binh luan vao file.
2026-09-01 17:44:35 | INFO     | ETL_Top_100.d_comment_extract | [226/447] Dang quet comment Video: 74TFS8r_SMI...
2026-09-01 17:44:46 | INFO     | ETL_Top_100.d_comment_extract |     -> Da nap & luu 2505 binh luan vao file.
2026-09-01 17:44:47 | INFO     | ETL_Top_100.d_comment_extract | [227/447] Dang quet comment Video: AbV-Q6tz4B8...
2026-09-01 17:44:47 | WARNING  | googleapiclient.http | Encountered 403 Forbidden with reason "commentsDisabled"
2026-09-01 17:44:47 | WARNING  | ETL_Top_100.d_comment_extract |     -> Bo qua: Video nay da bi tat binh luan.
2026-09-01 17:44:48 | INFO     | ETL_Top_100.d_comment_extract | [228/447] Dang quet comment Video: aIHF7u9Wwiw...
2026-09-01 17:45:01 | INFO     | ETL_Top_100.d_comment_extract |     -> Da nap & luu 2639 binh luan vao file.
2026-09-01 17:45:02 | INFO     | ETL_Top_100.d_comment_extract | [229/447] Dang quet comment Video: J_8xCOSekog...
2026-09-01 17:45:12 | INFO     | ETL_Top_100.d_comment_extract |     -> Da nap & luu 2412 binh luan vao file.
2026-09-01 17:45:13 | INFO     | ETL_Top_100.d_comment_extract | [230/447] Dang quet comment Video: a4tdS3IB294...
2026-09-01 17:45:21 | INFO     | ETL_Top_100.d_comment_extract |     -> Da nap & luu 1430 binh luan vao file.
2026-09-01 17:45:22 | INFO     | ETL_Top_100.d_comment_extract | [231/447] Dang quet comment Video: dTS_aNfpbIM...
2026-09-01 17:45:34 | INFO     | ETL_Top_100.d_comment_extract |     -> Da nap & luu 1711 binh luan vao file.
2026-09-01 17:45:35 | INFO     | ETL_Top_100.d_comment_extract | [232/447] Dang quet comment Video: 14OBXAjgj7U...
2026-09-01 17:45:43 | INFO     | ETL_Top_100.d_comment_extract |     -> Da nap & luu 1248 binh luan vao file.
2026-09-01 17:45:44 | INFO     | ETL_Top_100.d_comment_extract | [233/447] Dang quet comment Video: YRGtgkN-8QU...
2026-09-01 17:45:51 | INFO     | ETL_Top_100.d_comment_extract |     -> Da nap & luu 827 binh luan vao file.
2026-09-01 17:45:52 | INFO     | ETL_Top_100.d_comment_extract | [234/447] Dang quet comment Video: zwtMZ4l9t4s...
2026-09-01 17:45:54 | INFO     | ETL_Top_100.d_comment_extract |     -> Da nap & luu 285 binh luan vao file.
2026-09-01 17:45:55 | INFO     | ETL_Top_100.d_comment_extract | [235/447] Dang quet comment Video: QUvVdTlA23w...
2026-09-01 17:46:03 | INFO     | ETL_Top_100.d_comment_extract |     -> Da nap & luu 2609 binh luan vao file.
2026-09-01 17:46:04 | INFO     | ETL_Top_100.d_comment_extract | [236/447] Dang quet comment Video: Ypkv0HeUvTc...
2026-09-01 17:46:17 | INFO     | ETL_Top_100.d_comment_extract |     -> Da nap & luu 2447 binh luan vao file.
2026-09-01 17:46:18 | INFO     | ETL_Top_100.d_comment_extract | [237/447] Dang quet comment Video: 4kQMDSw3Aqo...
2026-09-01 17:46:29 | INFO     | ETL_Top_100.d_comment_extract |     -> Da nap & luu 2279 binh luan vao file.
2026-09-01 17:46:30 | INFO     | ETL_Top_100.d_comment_extract | [238/447] Dang quet comment Video: Rl6fyhZ0G5E...
2026-09-01 17:46:40 | INFO     | ETL_Top_100.d_comment_extract |     -> Da nap & luu 2045 binh luan vao file.
2026-09-01 17:46:41 | INFO     | ETL_Top_100.d_comment_extract | [239/447] Dang quet comment Video: 5R682M3ZEyk...
2026-09-01 17:46:52 | INFO     | ETL_Top_100.d_comment_extract |     -> Da nap & luu 2150 binh luan vao file.
2026-09-01 17:46:53 | INFO     | ETL_Top_100.d_comment_extract | [240/447] Dang quet comment Video: MPacja3hGdA...
2026-09-01 17:47:05 | INFO     | ETL_Top_100.d_comment_extract |     -> Da nap & luu 1557 binh luan vao file.
2026-09-01 17:47:06 | INFO     | ETL_Top_100.d_comment_extract | [241/447] Dang quet comment Video: P6BhKDR1RTo...
2026-09-01 17:47:12 | INFO     | ETL_Top_100.d_comment_extract |     -> Da nap & luu 1156 binh luan vao file.
2026-09-01 17:47:13 | INFO     | ETL_Top_100.d_comment_extract | [242/447] Dang quet comment Video: y12Qdd2ng5g...
2026-09-01 17:47:16 | INFO     | ETL_Top_100.d_comment_extract |     -> Da nap & luu 585 binh luan vao file.
2026-09-01 17:47:17 | INFO     | ETL_Top_100.d_comment_extract | [243/447] Dang quet comment Video: SZm8ZxeVlCo...
2026-09-01 17:47:23 | INFO     | ETL_Top_100.d_comment_extract |     -> Da nap & luu 979 binh luan vao file.
2026-09-01 17:47:24 | INFO     | ETL_Top_100.d_comment_extract | [244/447] Dang quet comment Video: lM1B-QSna2s...
2026-09-01 17:47:27 | INFO     | ETL_Top_100.d_comment_extract |     -> Da nap & luu 678 binh luan vao file.
2026-09-01 17:47:28 | INFO     | ETL_Top_100.d_comment_extract | [245/447] Dang quet comment Video: tAGnKpE4NCI...
2026-09-01 17:47:40 | INFO     | ETL_Top_100.d_comment_extract |     -> Da nap & luu 2679 binh luan vao file.
2026-09-01 17:47:41 | INFO     | ETL_Top_100.d_comment_extract | [246/447] Dang quet comment Video: CD-E-LDc384...
2026-09-01 17:47:52 | INFO     | ETL_Top_100.d_comment_extract |     -> Da nap & luu 2696 binh luan vao file.
2026-09-01 17:47:53 | INFO     | ETL_Top_100.d_comment_extract | [247/447] Dang quet comment Video: WM8bTdBs-cw...
2026-09-01 17:48:02 | INFO     | ETL_Top_100.d_comment_extract |     -> Da nap & luu 2677 binh luan vao file.
2026-09-01 17:48:03 | INFO     | ETL_Top_100.d_comment_extract | [248/447] Dang quet comment Video: DDGhKS6bSAE...
2026-09-01 17:48:11 | INFO     | ETL_Top_100.d_comment_extract |     -> Da nap & luu 2014 binh luan vao file.
2026-09-01 17:48:12 | INFO     | ETL_Top_100.d_comment_extract | [249/447] Dang quet comment Video: boanuwUMNNQ...
2026-09-01 17:48:22 | INFO     | ETL_Top_100.d_comment_extract |     -> Da nap & luu 1955 binh luan vao file.
2026-09-01 17:48:23 | INFO     | ETL_Top_100.d_comment_extract | [250/447] Dang quet comment Video: Zi_XLOBDo_Y...
2026-09-01 17:48:33 | INFO     | ETL_Top_100.d_comment_extract |     -> Da nap & luu 2528 binh luan vao file.
2026-09-01 17:48:34 | INFO     | ETL_Top_100.d_comment_extract | [251/447] Dang quet comment Video: oRdxUFDoQe0...
2026-09-01 17:48:47 | INFO     | ETL_Top_100.d_comment_extract |     -> Da nap & luu 2683 binh luan vao file.
2026-09-01 17:48:48 | INFO     | ETL_Top_100.d_comment_extract | [252/447] Dang quet comment Video: QNJL6nfu__Q...
2026-09-01 17:49:01 | INFO     | ETL_Top_100.d_comment_extract |     -> Da nap & luu 2688 binh luan vao file.
2026-09-01 17:49:02 | INFO     | ETL_Top_100.d_comment_extract | [253/447] Dang quet comment Video: h_D3VFfhvs4...
2026-09-01 17:49:12 | INFO     | ETL_Top_100.d_comment_extract |     -> Da nap & luu 2695 binh luan vao file.
2026-09-01 17:49:13 | INFO     | ETL_Top_100.d_comment_extract | [254/447] Dang quet comment Video: sOnqjkJTMaA...
2026-09-01 17:49:24 | INFO     | ETL_Top_100.d_comment_extract |     -> Da nap & luu 2753 binh luan vao file.
2026-09-01 17:49:25 | INFO     | ETL_Top_100.d_comment_extract | [255/447] Dang quet comment Video: 76O3w4pt0CA...
2026-09-01 17:49:41 | INFO     | ETL_Top_100.d_comment_extract |     -> Da nap & luu 2557 binh luan vao file.
2026-09-01 17:49:42 | INFO     | ETL_Top_100.d_comment_extract | [256/447] Dang quet comment Video: 8dM5QYdTo08...
2026-09-01 17:49:57 | INFO     | ETL_Top_100.d_comment_extract |     -> Da nap & luu 2242 binh luan vao file.
2026-09-01 17:49:58 | INFO     | ETL_Top_100.d_comment_extract | [257/447] Dang quet comment Video: nY-Xk3sGr6Q...
2026-09-01 17:50:14 | INFO     | ETL_Top_100.d_comment_extract |     -> Da nap & luu 2200 binh luan vao file.
2026-09-01 17:50:15 | INFO     | ETL_Top_100.d_comment_extract | [258/447] Dang quet comment Video: q4GJVOMjCC4...
2026-09-01 17:50:28 | INFO     | ETL_Top_100.d_comment_extract |     -> Da nap & luu 2299 binh luan vao file.
2026-09-01 17:50:29 | INFO     | ETL_Top_100.d_comment_extract | [259/447] Dang quet comment Video: n7PVhQPaFNY...
2026-09-01 17:50:38 | INFO     | ETL_Top_100.d_comment_extract |     -> Da nap & luu 1889 binh luan vao file.
2026-09-01 17:50:39 | INFO     | ETL_Top_100.d_comment_extract | [260/447] Dang quet comment Video: FjBp30kjzTc...
2026-09-01 17:50:54 | INFO     | ETL_Top_100.d_comment_extract |     -> Da nap & luu 2394 binh luan vao file.
2026-09-01 17:50:55 | INFO     | ETL_Top_100.d_comment_extract | [261/447] Dang quet comment Video: 77qc4ZtufzM...
2026-09-01 17:51:07 | INFO     | ETL_Top_100.d_comment_extract |     -> Da nap & luu 2159 binh luan vao file.
2026-09-01 17:51:08 | INFO     | ETL_Top_100.d_comment_extract | [262/447] Dang quet comment Video: iBduQb1S-4s...
2026-09-01 17:51:19 | INFO     | ETL_Top_100.d_comment_extract |     -> Da nap & luu 2141 binh luan vao file.
2026-09-01 17:51:20 | INFO     | ETL_Top_100.d_comment_extract | [263/447] Dang quet comment Video: uKmg4UbnDLo...
2026-09-01 17:51:35 | INFO     | ETL_Top_100.d_comment_extract |     -> Da nap & luu 2077 binh luan vao file.
2026-09-01 17:51:36 | INFO     | ETL_Top_100.d_comment_extract | [264/447] Dang quet comment Video: bUjPPBxbQrQ...
2026-09-01 17:51:56 | INFO     | ETL_Top_100.d_comment_extract |     -> Da nap & luu 2379 binh luan vao file.
2026-09-01 17:51:57 | INFO     | ETL_Top_100.d_comment_extract | [265/447] Dang quet comment Video: hTWKbfoikeg...
2026-09-01 17:52:11 | INFO     | ETL_Top_100.d_comment_extract |     -> Da nap & luu 2667 binh luan vao file.
2026-09-01 17:52:12 | INFO     | ETL_Top_100.d_comment_extract | [266/447] Dang quet comment Video: vabnZ9-ex7o...
2026-09-01 17:52:32 | INFO     | ETL_Top_100.d_comment_extract |     -> Da nap & luu 2635 binh luan vao file.
2026-09-01 17:52:33 | INFO     | ETL_Top_100.d_comment_extract | [267/447] Dang quet comment Video: fregObNcHC8...
2026-09-01 17:52:47 | INFO     | ETL_Top_100.d_comment_extract |     -> Da nap & luu 2671 binh luan vao file.
2026-09-01 17:52:48 | INFO     | ETL_Top_100.d_comment_extract | [268/447] Dang quet comment Video: pkcJEvMcnEg...
2026-09-01 17:53:03 | INFO     | ETL_Top_100.d_comment_extract |     -> Da nap & luu 2635 binh luan vao file.
2026-09-01 17:53:04 | INFO     | ETL_Top_100.d_comment_extract | [269/447] Dang quet comment Video: n6P0SitRwy8...
2026-09-01 17:53:16 | INFO     | ETL_Top_100.d_comment_extract |     -> Da nap & luu 2615 binh luan vao file.
2026-09-01 17:53:17 | INFO     | ETL_Top_100.d_comment_extract | [270/447] Dang quet comment Video: JKrDdsgXuso...
2026-09-01 17:53:29 | INFO     | ETL_Top_100.d_comment_extract |     -> Da nap & luu 1707 binh luan vao file.
2026-09-01 17:53:30 | INFO     | ETL_Top_100.d_comment_extract | [271/447] Dang quet comment Video: iWG6apzIWAk...
2026-09-01 17:53:43 | INFO     | ETL_Top_100.d_comment_extract |     -> Da nap & luu 1633 binh luan vao file.
2026-09-01 17:53:44 | INFO     | ETL_Top_100.d_comment_extract | [272/447] Dang quet comment Video: dWRWuY3pV2c...
2026-09-01 17:53:53 | INFO     | ETL_Top_100.d_comment_extract |     -> Da nap & luu 1288 binh luan vao file.
2026-09-01 17:53:54 | INFO     | ETL_Top_100.d_comment_extract | [273/447] Dang quet comment Video: 5HzpPl5a9EA...
2026-09-01 17:53:59 | INFO     | ETL_Top_100.d_comment_extract |     -> Da nap & luu 1147 binh luan vao file.
2026-09-01 17:54:00 | INFO     | ETL_Top_100.d_comment_extract | [274/447] Dang quet comment Video: ENHC9RkzFLA...
2026-09-01 17:54:12 | INFO     | ETL_Top_100.d_comment_extract |     -> Da nap & luu 1646 binh luan vao file.
2026-09-01 17:54:13 | INFO     | ETL_Top_100.d_comment_extract | [275/447] Dang quet comment Video: oIv_Y2RPQ_A...
2026-09-01 17:54:28 | INFO     | ETL_Top_100.d_comment_extract |     -> Da nap & luu 1668 binh luan vao file.
2026-09-01 17:54:29 | INFO     | ETL_Top_100.d_comment_extract | [276/447] Dang quet comment Video: 3sur4BmjQt8...
2026-09-01 17:54:38 | INFO     | ETL_Top_100.d_comment_extract |     -> Da nap & luu 1600 binh luan vao file.
2026-09-01 17:54:39 | INFO     | ETL_Top_100.d_comment_extract | [277/447] Dang quet comment Video: lrS1LC2cu-U...
2026-09-01 17:54:47 | INFO     | ETL_Top_100.d_comment_extract |     -> Da nap & luu 1337 binh luan vao file.
2026-09-01 17:54:48 | INFO     | ETL_Top_100.d_comment_extract | [278/447] Dang quet comment Video: NM4e606yFJg...
2026-09-01 17:54:57 | INFO     | ETL_Top_100.d_comment_extract |     -> Da nap & luu 1445 binh luan vao file.
2026-09-01 17:54:58 | INFO     | ETL_Top_100.d_comment_extract | [279/447] Dang quet comment Video: VI0NDsh2b8k...
2026-09-01 17:55:08 | INFO     | ETL_Top_100.d_comment_extract |     -> Da nap & luu 1182 binh luan vao file.
2026-09-01 17:55:09 | INFO     | ETL_Top_100.d_comment_extract | [280/447] Dang quet comment Video: cii6ruuycQA...
2026-09-01 17:55:24 | INFO     | ETL_Top_100.d_comment_extract |     -> Da nap & luu 2705 binh luan vao file.
2026-09-01 17:55:25 | INFO     | ETL_Top_100.d_comment_extract | [281/447] Dang quet comment Video: ZmDBbnmKpqQ...
2026-09-01 17:55:36 | INFO     | ETL_Top_100.d_comment_extract |     -> Da nap & luu 2759 binh luan vao file.
2026-09-01 17:55:37 | INFO     | ETL_Top_100.d_comment_extract | [282/447] Dang quet comment Video: gNi_6U5Pm_o...
2026-09-01 17:55:52 | INFO     | ETL_Top_100.d_comment_extract |     -> Da nap & luu 2730 binh luan vao file.
2026-09-01 17:55:53 | INFO     | ETL_Top_100.d_comment_extract | [283/447] Dang quet comment Video: ZQFmRXgeR-s...
2026-09-01 17:56:06 | INFO     | ETL_Top_100.d_comment_extract |     -> Da nap & luu 2565 binh luan vao file.
2026-09-01 17:56:07 | INFO     | ETL_Top_100.d_comment_extract | [284/447] Dang quet comment Video: CRrf3h9vhp8...
2026-09-01 17:56:20 | INFO     | ETL_Top_100.d_comment_extract |     -> Da nap & luu 2503 binh luan vao file.
2026-09-01 17:56:21 | INFO     | ETL_Top_100.d_comment_extract | [285/447] Dang quet comment Video: xyigpFYMDCA...
2026-09-01 17:56:29 | INFO     | ETL_Top_100.d_comment_extract |     -> Da nap & luu 928 binh luan vao file.
2026-09-01 17:56:30 | INFO     | ETL_Top_100.d_comment_extract | [286/447] Dang quet comment Video: CX6v8lV1tek...
2026-09-01 17:56:36 | INFO     | ETL_Top_100.d_comment_extract |     -> Da nap & luu 881 binh luan vao file.
2026-09-01 17:56:37 | INFO     | ETL_Top_100.d_comment_extract | [287/447] Dang quet comment Video: Li2O7IgecYM...
2026-09-01 17:56:47 | INFO     | ETL_Top_100.d_comment_extract |     -> Da nap & luu 883 binh luan vao file.
2026-09-01 17:56:48 | INFO     | ETL_Top_100.d_comment_extract | [288/447] Dang quet comment Video: 9sfYpolGCu8...
2026-09-01 17:57:00 | INFO     | ETL_Top_100.d_comment_extract |     -> Da nap & luu 1693 binh luan vao file.
2026-09-01 17:57:01 | INFO     | ETL_Top_100.d_comment_extract | [289/447] Dang quet comment Video: W-Khe7DInxo...
2026-09-01 17:57:11 | INFO     | ETL_Top_100.d_comment_extract |     -> Da nap & luu 1519 binh luan vao file.
2026-09-01 17:57:12 | INFO     | ETL_Top_100.d_comment_extract | [290/447] Dang quet comment Video: 0-Tm65i96TY...
2026-09-01 17:57:26 | INFO     | ETL_Top_100.d_comment_extract |     -> Da nap & luu 2708 binh luan vao file.
2026-09-01 17:57:27 | INFO     | ETL_Top_100.d_comment_extract | [291/447] Dang quet comment Video: x4U9iB4YqK4...
2026-09-01 17:57:36 | INFO     | ETL_Top_100.d_comment_extract |     -> Da nap & luu 1929 binh luan vao file.
2026-09-01 17:57:37 | INFO     | ETL_Top_100.d_comment_extract | [292/447] Dang quet comment Video: xtJauZnp3xY...
2026-09-01 17:57:48 | INFO     | ETL_Top_100.d_comment_extract |     -> Da nap & luu 2092 binh luan vao file.
2026-09-01 17:57:49 | INFO     | ETL_Top_100.d_comment_extract | [293/447] Dang quet comment Video: MPuK06zUIhc...
2026-09-01 17:58:00 | INFO     | ETL_Top_100.d_comment_extract |     -> Da nap & luu 2403 binh luan vao file.
2026-09-01 17:58:01 | INFO     | ETL_Top_100.d_comment_extract | [294/447] Dang quet comment Video: TlgwrRmv71c...
2026-09-01 17:58:09 | INFO     | ETL_Top_100.d_comment_extract |     -> Da nap & luu 1561 binh luan vao file.
2026-09-01 17:58:10 | INFO     | ETL_Top_100.d_comment_extract | [295/447] Dang quet comment Video: ApXoWvfEYVU...
2026-09-01 17:58:22 | INFO     | ETL_Top_100.d_comment_extract |     -> Da nap & luu 2790 binh luan vao file.
2026-09-01 17:58:23 | INFO     | ETL_Top_100.d_comment_extract | [296/447] Dang quet comment Video: SC4xMk98Pdc...
2026-09-01 17:58:35 | INFO     | ETL_Top_100.d_comment_extract |     -> Da nap & luu 2602 binh luan vao file.
2026-09-01 17:58:36 | INFO     | ETL_Top_100.d_comment_extract | [297/447] Dang quet comment Video: UceaB4D0jpo...
2026-09-01 17:58:47 | INFO     | ETL_Top_100.d_comment_extract |     -> Da nap & luu 2568 binh luan vao file.
2026-09-01 17:58:48 | INFO     | ETL_Top_100.d_comment_extract | [298/447] Dang quet comment Video: au2n7VVGv_c...
2026-09-01 17:58:59 | INFO     | ETL_Top_100.d_comment_extract |     -> Da nap & luu 2563 binh luan vao file.
2026-09-01 17:59:00 | INFO     | ETL_Top_100.d_comment_extract | [299/447] Dang quet comment Video: SLsTskih7_I...
2026-09-01 17:59:10 | INFO     | ETL_Top_100.d_comment_extract |     -> Da nap & luu 2700 binh luan vao file.
2026-09-01 17:59:11 | INFO     | ETL_Top_100.d_comment_extract | [300/447] Dang quet comment Video: XFkzRNyygfk...
2026-09-01 17:59:24 | INFO     | ETL_Top_100.d_comment_extract |     -> Da nap & luu 2741 binh luan vao file.
2026-09-01 17:59:25 | INFO     | ETL_Top_100.d_comment_extract | [301/447] Dang quet comment Video: u5CVsCnxyXg...
2026-09-01 17:59:41 | INFO     | ETL_Top_100.d_comment_extract |     -> Da nap & luu 2749 binh luan vao file.
2026-09-01 17:59:42 | INFO     | ETL_Top_100.d_comment_extract | [302/447] Dang quet comment Video: 1uYWYWPc9HU...
2026-09-01 17:59:54 | INFO     | ETL_Top_100.d_comment_extract |     -> Da nap & luu 2430 binh luan vao file.
2026-09-01 17:59:55 | INFO     | ETL_Top_100.d_comment_extract | [303/447] Dang quet comment Video: 7qFfFVSerQo...
2026-09-01 18:00:04 | INFO     | ETL_Top_100.d_comment_extract |     -> Da nap & luu 2134 binh luan vao file.
2026-09-01 18:00:05 | INFO     | ETL_Top_100.d_comment_extract | [304/447] Dang quet comment Video: n5h0qHwNrHk...
2026-09-01 18:00:17 | INFO     | ETL_Top_100.d_comment_extract |     -> Da nap & luu 2453 binh luan vao file.
2026-09-01 18:00:18 | INFO     | ETL_Top_100.d_comment_extract | [305/447] Dang quet comment Video: YlUKcNNmywk...
2026-09-01 18:00:31 | INFO     | ETL_Top_100.d_comment_extract |     -> Da nap & luu 2701 binh luan vao file.
2026-09-01 18:00:32 | INFO     | ETL_Top_100.d_comment_extract | [306/447] Dang quet comment Video: rn_YodiJO6k...
2026-09-01 18:00:42 | INFO     | ETL_Top_100.d_comment_extract |     -> Da nap & luu 2497 binh luan vao file.
2026-09-01 18:00:43 | INFO     | ETL_Top_100.d_comment_extract | [307/447] Dang quet comment Video: mzJj5-lubeM...
2026-09-01 18:00:55 | INFO     | ETL_Top_100.d_comment_extract |     -> Da nap & luu 2589 binh luan vao file.
2026-09-01 18:00:56 | INFO     | ETL_Top_100.d_comment_extract | [308/447] Dang quet comment Video: Q0oIoR9mLwc...
2026-09-01 18:01:08 | INFO     | ETL_Top_100.d_comment_extract |     -> Da nap & luu 2654 binh luan vao file.
2026-09-01 18:01:09 | INFO     | ETL_Top_100.d_comment_extract | [309/447] Dang quet comment Video: 8DyziWtkfBw...
2026-09-01 18:01:24 | INFO     | ETL_Top_100.d_comment_extract |     -> Da nap & luu 2447 binh luan vao file.
2026-09-01 18:01:25 | INFO     | ETL_Top_100.d_comment_extract | [310/447] Dang quet comment Video: lWA2pjMjpBs...
2026-09-01 18:01:36 | INFO     | ETL_Top_100.d_comment_extract |     -> Da nap & luu 2566 binh luan vao file.
2026-09-01 18:01:37 | INFO     | ETL_Top_100.d_comment_extract | [311/447] Dang quet comment Video: HL1UzIK-flA...
2026-09-01 18:01:49 | INFO     | ETL_Top_100.d_comment_extract |     -> Da nap & luu 2137 binh luan vao file.
2026-09-01 18:01:50 | INFO     | ETL_Top_100.d_comment_extract | [312/447] Dang quet comment Video: CvBfHwUxHIk...
2026-09-01 18:02:02 | INFO     | ETL_Top_100.d_comment_extract |     -> Da nap & luu 2571 binh luan vao file.
2026-09-01 18:02:03 | INFO     | ETL_Top_100.d_comment_extract | [313/447] Dang quet comment Video: JF8BRvqGCNs...
2026-09-01 18:02:16 | INFO     | ETL_Top_100.d_comment_extract |     -> Da nap & luu 2599 binh luan vao file.
2026-09-01 18:02:17 | INFO     | ETL_Top_100.d_comment_extract | [314/447] Dang quet comment Video: tg00YEETFzg...
2026-09-01 18:02:29 | INFO     | ETL_Top_100.d_comment_extract |     -> Da nap & luu 2643 binh luan vao file.
2026-09-01 18:02:30 | INFO     | ETL_Top_100.d_comment_extract | [315/447] Dang quet comment Video: XE9lhjfbCJo...
2026-09-01 18:02:41 | INFO     | ETL_Top_100.d_comment_extract |     -> Da nap & luu 2141 binh luan vao file.
2026-09-01 18:02:42 | INFO     | ETL_Top_100.d_comment_extract | [316/447] Dang quet comment Video: OkktfeAR-Rk...
2026-09-01 18:02:55 | INFO     | ETL_Top_100.d_comment_extract |     -> Da nap & luu 2710 binh luan vao file.
2026-09-01 18:02:56 | INFO     | ETL_Top_100.d_comment_extract | [317/447] Dang quet comment Video: OAl7Ajne1fI...
2026-09-01 18:03:06 | INFO     | ETL_Top_100.d_comment_extract |     -> Da nap & luu 1630 binh luan vao file.
2026-09-01 18:03:07 | INFO     | ETL_Top_100.d_comment_extract | [318/447] Dang quet comment Video: zhaTJhpzfm8...
2026-09-01 18:03:14 | INFO     | ETL_Top_100.d_comment_extract |     -> Da nap & luu 1321 binh luan vao file.
2026-09-01 18:03:15 | INFO     | ETL_Top_100.d_comment_extract | [319/447] Dang quet comment Video: U3Rjd9KOkkQ...
2026-09-01 18:03:24 | INFO     | ETL_Top_100.d_comment_extract |     -> Da nap & luu 1511 binh luan vao file.
2026-09-01 18:03:25 | INFO     | ETL_Top_100.d_comment_extract | [320/447] Dang quet comment Video: 02GCPcB4b2E...
2026-09-01 18:03:26 | INFO     | ETL_Top_100.d_comment_extract |     -> Da nap & luu 106 binh luan vao file.
2026-09-01 18:03:27 | INFO     | ETL_Top_100.d_comment_extract | [321/447] Dang quet comment Video: VInaXImNUnk...
2026-09-01 18:03:28 | INFO     | ETL_Top_100.d_comment_extract |     -> Da nap & luu 135 binh luan vao file.
2026-09-01 18:03:29 | INFO     | ETL_Top_100.d_comment_extract | [322/447] Dang quet comment Video: 636pdsF8Sjk...
2026-09-01 18:03:31 | INFO     | ETL_Top_100.d_comment_extract |     -> Da nap & luu 276 binh luan vao file.
2026-09-01 18:03:32 | INFO     | ETL_Top_100.d_comment_extract | [323/447] Dang quet comment Video: E4PNNK2Teko...
2026-09-01 18:03:32 | INFO     | ETL_Top_100.d_comment_extract |     -> Da nap & luu 37 binh luan vao file.
2026-09-01 18:03:33 | INFO     | ETL_Top_100.d_comment_extract | [324/447] Dang quet comment Video: J9UXbbxyQuc...
2026-09-01 18:03:33 | INFO     | ETL_Top_100.d_comment_extract |     -> Da nap & luu 6 binh luan vao file.
2026-09-01 18:03:34 | INFO     | ETL_Top_100.d_comment_extract | [325/447] Dang quet comment Video: eVli-tstM5E...
2026-09-01 18:03:45 | INFO     | ETL_Top_100.d_comment_extract |     -> Da nap & luu 2411 binh luan vao file.
2026-09-01 18:03:46 | INFO     | ETL_Top_100.d_comment_extract | [326/447] Dang quet comment Video: cF1Na4AIecM...
2026-09-01 18:03:57 | INFO     | ETL_Top_100.d_comment_extract |     -> Da nap & luu 2198 binh luan vao file.
2026-09-01 18:03:58 | INFO     | ETL_Top_100.d_comment_extract | [327/447] Dang quet comment Video: uAVUl0cAKpo...
2026-09-01 18:04:10 | INFO     | ETL_Top_100.d_comment_extract |     -> Da nap & luu 2659 binh luan vao file.
2026-09-01 18:04:11 | INFO     | ETL_Top_100.d_comment_extract | [328/447] Dang quet comment Video: KEG7b851Ric...
2026-09-01 18:04:24 | INFO     | ETL_Top_100.d_comment_extract |     -> Da nap & luu 2210 binh luan vao file.
2026-09-01 18:04:25 | INFO     | ETL_Top_100.d_comment_extract | [329/447] Dang quet comment Video: aSugSGCC12I...
2026-09-01 18:04:35 | INFO     | ETL_Top_100.d_comment_extract |     -> Da nap & luu 2331 binh luan vao file.
2026-09-01 18:04:36 | INFO     | ETL_Top_100.d_comment_extract | [330/447] Dang quet comment Video: t7bQwwqW-Hc...
2026-09-01 18:04:48 | INFO     | ETL_Top_100.d_comment_extract |     -> Da nap & luu 2622 binh luan vao file.
2026-09-01 18:04:49 | INFO     | ETL_Top_100.d_comment_extract | [331/447] Dang quet comment Video: WBDpb7SwSgU...
2026-09-01 18:05:01 | INFO     | ETL_Top_100.d_comment_extract |     -> Da nap & luu 1945 binh luan vao file.
2026-09-01 18:05:02 | INFO     | ETL_Top_100.d_comment_extract | [332/447] Dang quet comment Video: zPaJ87tvOZw...
2026-09-01 18:05:13 | INFO     | ETL_Top_100.d_comment_extract |     -> Da nap & luu 1596 binh luan vao file.
2026-09-01 18:05:14 | INFO     | ETL_Top_100.d_comment_extract | [333/447] Dang quet comment Video: OgjzcwzIpyI...
2026-09-01 18:05:24 | INFO     | ETL_Top_100.d_comment_extract |     -> Da nap & luu 1535 binh luan vao file.
2026-09-01 18:05:25 | INFO     | ETL_Top_100.d_comment_extract | [334/447] Dang quet comment Video: O2fw8zFU784...
2026-09-01 18:05:33 | INFO     | ETL_Top_100.d_comment_extract |     -> Da nap & luu 1238 binh luan vao file.
2026-09-01 18:05:34 | INFO     | ETL_Top_100.d_comment_extract | [335/447] Dang quet comment Video: otzXtiodkEE...
2026-09-01 18:05:42 | INFO     | ETL_Top_100.d_comment_extract |     -> Da nap & luu 1281 binh luan vao file.
2026-09-01 18:05:43 | INFO     | ETL_Top_100.d_comment_extract | [336/447] Dang quet comment Video: pxC9NhXv_1M...
2026-09-01 18:05:51 | INFO     | ETL_Top_100.d_comment_extract |     -> Da nap & luu 1114 binh luan vao file.
2026-09-01 18:05:52 | INFO     | ETL_Top_100.d_comment_extract | [337/447] Dang quet comment Video: 5Wq1iDyEjF8...
2026-09-01 18:05:59 | INFO     | ETL_Top_100.d_comment_extract |     -> Da nap & luu 1118 binh luan vao file.
2026-09-01 18:06:00 | INFO     | ETL_Top_100.d_comment_extract | [338/447] Dang quet comment Video: kYkhNoOIF40...
2026-09-01 18:06:02 | INFO     | ETL_Top_100.d_comment_extract |     -> Da nap & luu 332 binh luan vao file.
2026-09-01 18:06:03 | INFO     | ETL_Top_100.d_comment_extract | [339/447] Dang quet comment Video: B452TVVco2Q...
2026-09-01 18:06:10 | INFO     | ETL_Top_100.d_comment_extract |     -> Da nap & luu 1049 binh luan vao file.
2026-09-01 18:06:11 | INFO     | ETL_Top_100.d_comment_extract | [340/447] Dang quet comment Video: v2ttAph6PhM...
2026-09-01 18:06:20 | INFO     | ETL_Top_100.d_comment_extract |     -> Da nap & luu 1202 binh luan vao file.
2026-09-01 18:06:21 | INFO     | ETL_Top_100.d_comment_extract | [341/447] Dang quet comment Video: Xh0GyxWgKPs...
2026-09-01 18:06:30 | INFO     | ETL_Top_100.d_comment_extract |     -> Da nap & luu 1325 binh luan vao file.
2026-09-01 18:06:31 | INFO     | ETL_Top_100.d_comment_extract | [342/447] Dang quet comment Video: 4kvxMk_T2IM...
2026-09-01 18:06:32 | INFO     | ETL_Top_100.d_comment_extract |     -> Da nap & luu 216 binh luan vao file.
2026-09-01 18:06:33 | INFO     | ETL_Top_100.d_comment_extract | [343/447] Dang quet comment Video: qveXgRaXhkw...
2026-09-01 18:06:34 | INFO     | ETL_Top_100.d_comment_extract |     -> Da nap & luu 145 binh luan vao file.
2026-09-01 18:06:35 | INFO     | ETL_Top_100.d_comment_extract | [344/447] Dang quet comment Video: Y6qY6LeZLJ8...
2026-09-01 18:06:36 | INFO     | ETL_Top_100.d_comment_extract |     -> Da nap & luu 96 binh luan vao file.
2026-09-01 18:06:37 | INFO     | ETL_Top_100.d_comment_extract | [345/447] Dang quet comment Video: VF-FGf_ZZiI...
2026-09-01 18:06:49 | INFO     | ETL_Top_100.d_comment_extract |     -> Da nap & luu 2569 binh luan vao file.
2026-09-01 18:06:50 | INFO     | ETL_Top_100.d_comment_extract | [346/447] Dang quet comment Video: x-OzspEcQG8...
2026-09-01 18:07:02 | INFO     | ETL_Top_100.d_comment_extract |     -> Da nap & luu 2265 binh luan vao file.
2026-09-01 18:07:03 | INFO     | ETL_Top_100.d_comment_extract | [347/447] Dang quet comment Video: udOf9cPnR1A...
2026-09-01 18:07:10 | INFO     | ETL_Top_100.d_comment_extract |     -> Da nap & luu 1270 binh luan vao file.
2026-09-01 18:07:11 | INFO     | ETL_Top_100.d_comment_extract | [348/447] Dang quet comment Video: jeeA2MyGXBE...
2026-09-01 18:07:21 | INFO     | ETL_Top_100.d_comment_extract |     -> Da nap & luu 2304 binh luan vao file.
2026-09-01 18:07:22 | INFO     | ETL_Top_100.d_comment_extract | [349/447] Dang quet comment Video: RC8u7RJe-TE...
2026-09-01 18:07:30 | INFO     | ETL_Top_100.d_comment_extract |     -> Da nap & luu 1343 binh luan vao file.
2026-09-01 18:07:31 | INFO     | ETL_Top_100.d_comment_extract | [350/447] Dang quet comment Video: T17AR8cVmto...
2026-09-01 18:07:42 | INFO     | ETL_Top_100.d_comment_extract |     -> Da nap & luu 2069 binh luan vao file.
2026-09-01 18:07:43 | INFO     | ETL_Top_100.d_comment_extract | [351/447] Dang quet comment Video: k8Y6ZTjmCXs...
2026-09-01 18:07:54 | INFO     | ETL_Top_100.d_comment_extract |     -> Da nap & luu 2655 binh luan vao file.
2026-09-01 18:07:55 | INFO     | ETL_Top_100.d_comment_extract | [352/447] Dang quet comment Video: pM-jOfy_1jM...
2026-09-01 18:08:06 | INFO     | ETL_Top_100.d_comment_extract |     -> Da nap & luu 2349 binh luan vao file.
2026-09-01 18:08:07 | INFO     | ETL_Top_100.d_comment_extract | [353/447] Dang quet comment Video: JqwPCzJnYyY...
2026-09-01 18:08:17 | INFO     | ETL_Top_100.d_comment_extract |     -> Da nap & luu 2377 binh luan vao file.
2026-09-01 18:08:18 | INFO     | ETL_Top_100.d_comment_extract | [354/447] Dang quet comment Video: APB-AKpnKT4...
2026-09-01 18:08:28 | WARNING  | ETL_Top_100.d_comment_extract |     -> Loi API Comment: <HttpError 400 when requesting https://youtube.googleapis.com/youtube/v3/commentThreads?part=snippet%2Creplies&videoId=APB-AKpnKT4&maxResults=100&order=relevance&key=AIzaSyBRBbA4kKnE3nYIVapuq3V6_fqe651kgAY&alt=json returned "The API server failed to successfully process the request. While this can be a transient error, it usually indicates that the request's input is invalid. Check the structure of the <code>commentThread</code> resource in the request body to ensure that it is valid.". Details: "[{'message': "The API server failed to successfully process the request. While this can be a transient error, it usually indicates that the request's input is invalid. Check the structure of the <code>commentThread</code> resource in the request body to ensure that it is valid.", 'domain': 'youtube.commentThread', 'reason': 'processingFailure', 'location': 'body', 'locationType': 'other'}]">
2026-09-01 18:08:29 | INFO     | ETL_Top_100.d_comment_extract | [355/447] Dang quet comment Video: AEYN5w4T_aM...
2026-09-01 18:08:40 | WARNING  | ETL_Top_100.d_comment_extract |     -> Loi API Comment: <HttpError 400 when requesting https://youtube.googleapis.com/youtube/v3/commentThreads?part=snippet%2Creplies&videoId=AEYN5w4T_aM&maxResults=100&order=relevance&key=AIzaSyBRBbA4kKnE3nYIVapuq3V6_fqe651kgAY&alt=json returned "The API server failed to successfully process the request. While this can be a transient error, it usually indicates that the request's input is invalid. Check the structure of the <code>commentThread</code> resource in the request body to ensure that it is valid.". Details: "[{'message': "The API server failed to successfully process the request. While this can be a transient error, it usually indicates that the request's input is invalid. Check the structure of the <code>commentThread</code> resource in the request body to ensure that it is valid.", 'domain': 'youtube.commentThread', 'reason': 'processingFailure', 'location': 'body', 'locationType': 'other'}]">
2026-09-01 18:08:41 | INFO     | ETL_Top_100.d_comment_extract | [356/447] Dang quet comment Video: 0Uc3ZrmhDN4...
2026-09-01 18:08:51 | WARNING  | ETL_Top_100.d_comment_extract |     -> Loi API Comment: <HttpError 400 when requesting https://youtube.googleapis.com/youtube/v3/commentThreads?part=snippet%2Creplies&videoId=0Uc3ZrmhDN4&maxResults=100&order=relevance&key=AIzaSyBRBbA4kKnE3nYIVapuq3V6_fqe651kgAY&alt=json returned "The API server failed to successfully process the request. While this can be a transient error, it usually indicates that the request's input is invalid. Check the structure of the <code>commentThread</code> resource in the request body to ensure that it is valid.". Details: "[{'message': "The API server failed to successfully process the request. While this can be a transient error, it usually indicates that the request's input is invalid. Check the structure of the <code>commentThread</code> resource in the request body to ensure that it is valid.", 'domain': 'youtube.commentThread', 'reason': 'processingFailure', 'location': 'body', 'locationType': 'other'}]">
2026-09-01 18:08:52 | INFO     | ETL_Top_100.d_comment_extract | [357/447] Dang quet comment Video: rmadSGJCzo8...
2026-09-01 18:09:07 | INFO     | ETL_Top_100.d_comment_extract |     -> Da nap & luu 1800 binh luan vao file.
2026-09-01 18:09:08 | INFO     | ETL_Top_100.d_comment_extract | [358/447] Dang quet comment Video: uLifSFBs_Lk...
2026-09-01 18:09:17 | INFO     | ETL_Top_100.d_comment_extract |     -> Da nap & luu 1449 binh luan vao file.
2026-09-01 18:09:18 | INFO     | ETL_Top_100.d_comment_extract | [359/447] Dang quet comment Video: CeMeDihwyrg...
2026-09-01 18:09:28 | INFO     | ETL_Top_100.d_comment_extract |     -> Da nap & luu 1638 binh luan vao file.
2026-09-01 18:09:29 | INFO     | ETL_Top_100.d_comment_extract | [360/447] Dang quet comment Video: 2SUwOgmvzK4...
2026-09-01 18:09:42 | INFO     | ETL_Top_100.d_comment_extract |     -> Da nap & luu 2510 binh luan vao file.
2026-09-01 18:09:43 | INFO     | ETL_Top_100.d_comment_extract | [361/447] Dang quet comment Video: pFptt7Cargc...
2026-09-01 18:09:55 | INFO     | ETL_Top_100.d_comment_extract |     -> Da nap & luu 2718 binh luan vao file.
2026-09-01 18:09:56 | INFO     | ETL_Top_100.d_comment_extract | [362/447] Dang quet comment Video: wycjnCCgUes...
2026-09-01 18:10:06 | INFO     | ETL_Top_100.d_comment_extract |     -> Da nap & luu 2468 binh luan vao file.
2026-09-01 18:10:07 | INFO     | ETL_Top_100.d_comment_extract | [363/447] Dang quet comment Video: sBzrzS1Ag_g...
2026-09-01 18:10:26 | INFO     | ETL_Top_100.d_comment_extract |     -> Da nap & luu 2502 binh luan vao file.
2026-09-01 18:10:27 | INFO     | ETL_Top_100.d_comment_extract | [364/447] Dang quet comment Video: 2g5xkLqIElU...
2026-09-01 18:10:43 | INFO     | ETL_Top_100.d_comment_extract |     -> Da nap & luu 2292 binh luan vao file.
2026-09-01 18:10:44 | INFO     | ETL_Top_100.d_comment_extract | [365/447] Dang quet comment Video: AG-erEMhumc...
2026-09-01 18:10:59 | INFO     | ETL_Top_100.d_comment_extract |     -> Da nap & luu 2584 binh luan vao file.
2026-09-01 18:11:00 | INFO     | ETL_Top_100.d_comment_extract | [366/447] Dang quet comment Video: To4SWGZkEPk...
2026-09-01 18:11:12 | INFO     | ETL_Top_100.d_comment_extract |     -> Da nap & luu 2045 binh luan vao file.
2026-09-01 18:11:13 | INFO     | ETL_Top_100.d_comment_extract | [367/447] Dang quet comment Video: uS_y_65CcpA...
2026-09-01 18:11:25 | INFO     | ETL_Top_100.d_comment_extract |     -> Da nap & luu 1773 binh luan vao file.
2026-09-01 18:11:26 | INFO     | ETL_Top_100.d_comment_extract | [368/447] Dang quet comment Video: dpvQqmX6SUI...
2026-09-01 18:11:36 | INFO     | ETL_Top_100.d_comment_extract |     -> Da nap & luu 1887 binh luan vao file.
2026-09-01 18:11:37 | INFO     | ETL_Top_100.d_comment_extract | [369/447] Dang quet comment Video: Bpaf6Dm9iRc...
2026-09-01 18:11:47 | INFO     | ETL_Top_100.d_comment_extract |     -> Da nap & luu 1843 binh luan vao file.
2026-09-01 18:11:48 | INFO     | ETL_Top_100.d_comment_extract | [370/447] Dang quet comment Video: e-ORhEE9VVg...
2026-09-01 18:11:58 | INFO     | ETL_Top_100.d_comment_extract |     -> Da nap & luu 2240 binh luan vao file.
2026-09-01 18:11:59 | INFO     | ETL_Top_100.d_comment_extract | [371/447] Dang quet comment Video: nfWlot6h_JM...
2026-09-01 18:12:08 | INFO     | ETL_Top_100.d_comment_extract |     -> Da nap & luu 2046 binh luan vao file.
2026-09-01 18:12:09 | INFO     | ETL_Top_100.d_comment_extract | [372/447] Dang quet comment Video: VuNIsY6JdUw...
2026-09-01 18:12:22 | INFO     | ETL_Top_100.d_comment_extract |     -> Da nap & luu 2693 binh luan vao file.
2026-09-01 18:12:23 | INFO     | ETL_Top_100.d_comment_extract | [373/447] Dang quet comment Video: QcIy9NiNbmo...
2026-09-01 18:12:36 | INFO     | ETL_Top_100.d_comment_extract |     -> Da nap & luu 2604 binh luan vao file.
2026-09-01 18:12:37 | INFO     | ETL_Top_100.d_comment_extract | [374/447] Dang quet comment Video: 3tmd-ClpJxA...
2026-09-01 18:12:51 | INFO     | ETL_Top_100.d_comment_extract |     -> Da nap & luu 2581 binh luan vao file.
2026-09-01 18:12:52 | INFO     | ETL_Top_100.d_comment_extract | [375/447] Dang quet comment Video: 9gWIIIr2Asw...
2026-09-01 18:13:04 | INFO     | ETL_Top_100.d_comment_extract |     -> Da nap & luu 2411 binh luan vao file.
2026-09-01 18:13:05 | INFO     | ETL_Top_100.d_comment_extract | [376/447] Dang quet comment Video: GZ3zL7kT6_c...
2026-09-01 18:13:17 | INFO     | ETL_Top_100.d_comment_extract |     -> Da nap & luu 2303 binh luan vao file.
2026-09-01 18:13:18 | INFO     | ETL_Top_100.d_comment_extract | [377/447] Dang quet comment Video: VSXT4a2kRHA...
2026-09-01 18:13:35 | INFO     | ETL_Top_100.d_comment_extract |     -> Da nap & luu 2026 binh luan vao file.
2026-09-01 18:13:36 | INFO     | ETL_Top_100.d_comment_extract | [378/447] Dang quet comment Video: _QWZQh0YYWA...
2026-09-01 18:13:47 | INFO     | ETL_Top_100.d_comment_extract |     -> Da nap & luu 2138 binh luan vao file.
2026-09-01 18:13:48 | INFO     | ETL_Top_100.d_comment_extract | [379/447] Dang quet comment Video: Qh8QwVYOSVU...
2026-09-01 18:14:02 | INFO     | ETL_Top_100.d_comment_extract |     -> Da nap & luu 2024 binh luan vao file.
2026-09-01 18:14:03 | INFO     | ETL_Top_100.d_comment_extract | [380/447] Dang quet comment Video: mh4AQkw4Jjc...
2026-09-01 18:14:14 | INFO     | ETL_Top_100.d_comment_extract |     -> Da nap & luu 1812 binh luan vao file.
2026-09-01 18:14:15 | INFO     | ETL_Top_100.d_comment_extract | [381/447] Dang quet comment Video: hiWGNSNNKNk...
2026-09-01 18:14:19 | INFO     | ETL_Top_100.d_comment_extract |     -> Da nap & luu 558 binh luan vao file.
2026-09-01 18:14:20 | INFO     | ETL_Top_100.d_comment_extract | [382/447] Dang quet comment Video: nJov1dHCODk...
2026-09-01 18:14:23 | INFO     | ETL_Top_100.d_comment_extract |     -> Da nap & luu 348 binh luan vao file.
2026-09-01 18:14:24 | INFO     | ETL_Top_100.d_comment_extract | [383/447] Dang quet comment Video: 62F6mlYGLAU...
2026-09-01 18:14:25 | INFO     | ETL_Top_100.d_comment_extract |     -> Da nap & luu 204 binh luan vao file.
2026-09-01 18:14:26 | INFO     | ETL_Top_100.d_comment_extract | [384/447] Dang quet comment Video: kBy3uHmGFpg...
2026-09-01 18:14:36 | INFO     | ETL_Top_100.d_comment_extract |     -> Da nap & luu 1229 binh luan vao file.
2026-09-01 18:14:37 | INFO     | ETL_Top_100.d_comment_extract | [385/447] Dang quet comment Video: 1JltlSJH5bY...
2026-09-01 18:14:47 | INFO     | ETL_Top_100.d_comment_extract |     -> Da nap & luu 1936 binh luan vao file.
2026-09-01 18:14:48 | INFO     | ETL_Top_100.d_comment_extract | [386/447] Dang quet comment Video: Y_NTooezadU...
2026-09-01 18:15:00 | INFO     | ETL_Top_100.d_comment_extract |     -> Da nap & luu 1552 binh luan vao file.
2026-09-01 18:15:01 | INFO     | ETL_Top_100.d_comment_extract | [387/447] Dang quet comment Video: EOrFWBjiRik...
2026-09-01 18:15:11 | INFO     | ETL_Top_100.d_comment_extract |     -> Da nap & luu 1729 binh luan vao file.
2026-09-01 18:15:12 | INFO     | ETL_Top_100.d_comment_extract | [388/447] Dang quet comment Video: _T94j4P8_nk...
2026-09-01 18:15:24 | INFO     | ETL_Top_100.d_comment_extract |     -> Da nap & luu 1592 binh luan vao file.
2026-09-01 18:15:25 | INFO     | ETL_Top_100.d_comment_extract | [389/447] Dang quet comment Video: og1SfJ7nOAU...
2026-09-01 18:15:36 | INFO     | ETL_Top_100.d_comment_extract |     -> Da nap & luu 1631 binh luan vao file.
2026-09-01 18:15:37 | INFO     | ETL_Top_100.d_comment_extract | [390/447] Dang quet comment Video: gGdGFtwCNBE...
2026-09-01 18:15:49 | INFO     | ETL_Top_100.d_comment_extract |     -> Da nap & luu 2817 binh luan vao file.
2026-09-01 18:15:50 | INFO     | ETL_Top_100.d_comment_extract | [391/447] Dang quet comment Video: Y5fBdpreJiU...
2026-09-01 18:16:03 | INFO     | ETL_Top_100.d_comment_extract |     -> Da nap & luu 2436 binh luan vao file.
2026-09-01 18:16:04 | INFO     | ETL_Top_100.d_comment_extract | [392/447] Dang quet comment Video: RIZdjT1472Y...
2026-09-01 18:16:17 | INFO     | ETL_Top_100.d_comment_extract |     -> Da nap & luu 2386 binh luan vao file.
2026-09-01 18:16:18 | INFO     | ETL_Top_100.d_comment_extract | [393/447] Dang quet comment Video: ff0oWESdmH0...
2026-09-01 18:16:28 | INFO     | ETL_Top_100.d_comment_extract |     -> Da nap & luu 2418 binh luan vao file.
2026-09-01 18:16:29 | INFO     | ETL_Top_100.d_comment_extract | [394/447] Dang quet comment Video: zc8hbSM1zVo...
2026-09-01 18:16:41 | INFO     | ETL_Top_100.d_comment_extract |     -> Da nap & luu 2105 binh luan vao file.
2026-09-01 18:16:42 | INFO     | ETL_Top_100.d_comment_extract | [395/447] Dang quet comment Video: 34Na4j8AVgA...
2026-09-01 18:16:51 | INFO     | ETL_Top_100.d_comment_extract |     -> Da nap & luu 2125 binh luan vao file.
2026-09-01 18:16:52 | INFO     | ETL_Top_100.d_comment_extract | [396/447] Dang quet comment Video: yzTuBuRdAyA...
2026-09-01 18:17:03 | INFO     | ETL_Top_100.d_comment_extract |     -> Da nap & luu 2324 binh luan vao file.
2026-09-01 18:17:04 | INFO     | ETL_Top_100.d_comment_extract | [397/447] Dang quet comment Video: XXYlFuWEuKI...
2026-09-01 18:17:14 | INFO     | ETL_Top_100.d_comment_extract |     -> Da nap & luu 2685 binh luan vao file.
2026-09-01 18:17:15 | INFO     | ETL_Top_100.d_comment_extract | [398/447] Dang quet comment Video: KEI4qSrkPAs...
2026-09-01 18:17:25 | INFO     | ETL_Top_100.d_comment_extract |     -> Da nap & luu 2581 binh luan vao file.
2026-09-01 18:17:26 | INFO     | ETL_Top_100.d_comment_extract | [399/447] Dang quet comment Video: qFLhGq0060w...
2026-09-01 18:17:37 | INFO     | ETL_Top_100.d_comment_extract |     -> Da nap & luu 2691 binh luan vao file.
2026-09-01 18:17:38 | INFO     | ETL_Top_100.d_comment_extract | [400/447] Dang quet comment Video: d8ekz_CSBVg...
2026-09-01 18:17:49 | INFO     | ETL_Top_100.d_comment_extract |     -> Da nap & luu 2660 binh luan vao file.
2026-09-01 18:17:50 | INFO     | ETL_Top_100.d_comment_extract | [401/447] Dang quet comment Video: xqds0B_meys...
2026-09-01 18:18:00 | INFO     | ETL_Top_100.d_comment_extract |     -> Da nap & luu 2767 binh luan vao file.
2026-09-01 18:18:01 | INFO     | ETL_Top_100.d_comment_extract | [402/447] Dang quet comment Video: lL2ZwXj1tXM...
2026-09-01 18:18:12 | INFO     | ETL_Top_100.d_comment_extract |     -> Da nap & luu 2632 binh luan vao file.
2026-09-01 18:18:13 | INFO     | ETL_Top_100.d_comment_extract | [403/447] Dang quet comment Video: Ud4HuAzHEUc...
2026-09-01 18:18:27 | INFO     | ETL_Top_100.d_comment_extract |     -> Da nap & luu 2669 binh luan vao file.
2026-09-01 18:18:28 | INFO     | ETL_Top_100.d_comment_extract | [404/447] Dang quet comment Video: ixZDTiXiHsc...
2026-09-01 18:18:47 | INFO     | ETL_Top_100.d_comment_extract |     -> Da nap & luu 2608 binh luan vao file.
2026-09-01 18:18:48 | INFO     | ETL_Top_100.d_comment_extract | [405/447] Dang quet comment Video: eAwVv5gl6Rk...
2026-09-01 18:19:07 | INFO     | ETL_Top_100.d_comment_extract |     -> Da nap & luu 1582 binh luan vao file.
2026-09-01 18:19:08 | INFO     | ETL_Top_100.d_comment_extract | [406/447] Dang quet comment Video: w7nVKLzzrKA...
2026-09-01 18:19:12 | INFO     | ETL_Top_100.d_comment_extract |     -> Da nap & luu 803 binh luan vao file.
2026-09-01 18:19:13 | INFO     | ETL_Top_100.d_comment_extract | [407/447] Dang quet comment Video: QtXzAGcgl3E...
2026-09-01 18:19:21 | INFO     | ETL_Top_100.d_comment_extract |     -> Da nap & luu 874 binh luan vao file.
2026-09-01 18:19:22 | INFO     | ETL_Top_100.d_comment_extract | [408/447] Dang quet comment Video: FCBaguObsSk...
2026-09-01 18:19:24 | INFO     | ETL_Top_100.d_comment_extract |     -> Da nap & luu 185 binh luan vao file.
2026-09-01 18:19:25 | INFO     | ETL_Top_100.d_comment_extract | [409/447] Dang quet comment Video: DNCazhSxaDg...
2026-09-01 18:19:26 | INFO     | ETL_Top_100.d_comment_extract |     -> Da nap & luu 260 binh luan vao file.
2026-09-01 18:19:27 | INFO     | ETL_Top_100.d_comment_extract | [410/447] Dang quet comment Video: WtVrDud1gZM...
2026-09-01 18:19:27 | WARNING  | googleapiclient.http | Encountered 403 Forbidden with reason "commentsDisabled"
2026-09-01 18:19:27 | WARNING  | ETL_Top_100.d_comment_extract |     -> Bo qua: Video nay da bi tat binh luan.
2026-09-01 18:19:28 | INFO     | ETL_Top_100.d_comment_extract | [411/447] Dang quet comment Video: yxfo4Jfpc-c...
2026-09-01 18:19:29 | WARNING  | googleapiclient.http | Encountered 403 Forbidden with reason "commentsDisabled"
2026-09-01 18:19:29 | WARNING  | ETL_Top_100.d_comment_extract |     -> Bo qua: Video nay da bi tat binh luan.
2026-09-01 18:19:30 | INFO     | ETL_Top_100.d_comment_extract | [412/447] Dang quet comment Video: NfbEuyMAstg...
2026-09-01 18:19:45 | INFO     | ETL_Top_100.d_comment_extract |     -> Da nap & luu 1402 binh luan vao file.
2026-09-01 18:19:46 | INFO     | ETL_Top_100.d_comment_extract | [413/447] Dang quet comment Video: DrHd3nkCIz4...
2026-09-01 18:19:59 | INFO     | ETL_Top_100.d_comment_extract |     -> Da nap & luu 1393 binh luan vao file.
2026-09-01 18:20:00 | INFO     | ETL_Top_100.d_comment_extract | [414/447] Dang quet comment Video: EjFN5iVKn6w...
2026-09-01 18:20:00 | WARNING  | googleapiclient.http | Encountered 403 Forbidden with reason "commentsDisabled"
2026-09-01 18:20:00 | WARNING  | ETL_Top_100.d_comment_extract |     -> Bo qua: Video nay da bi tat binh luan.
2026-09-01 18:20:01 | INFO     | ETL_Top_100.d_comment_extract | [415/447] Dang quet comment Video: TGgcC5xg9YI...
2026-09-01 18:20:17 | INFO     | ETL_Top_100.d_comment_extract |     -> Da nap & luu 2673 binh luan vao file.
2026-09-01 18:20:18 | INFO     | ETL_Top_100.d_comment_extract | [416/447] Dang quet comment Video: HmAsUQEFYGI...
2026-09-01 18:20:35 | INFO     | ETL_Top_100.d_comment_extract |     -> Da nap & luu 2586 binh luan vao file.
2026-09-01 18:20:36 | INFO     | ETL_Top_100.d_comment_extract | [417/447] Dang quet comment Video: FUXX55WqYZs...
2026-09-01 18:20:53 | INFO     | ETL_Top_100.d_comment_extract |     -> Da nap & luu 2601 binh luan vao file.
2026-09-01 18:20:54 | INFO     | ETL_Top_100.d_comment_extract | [418/447] Dang quet comment Video: khMb3k-Wwvg...
2026-09-01 18:21:05 | INFO     | ETL_Top_100.d_comment_extract |     -> Da nap & luu 2430 binh luan vao file.
2026-09-01 18:21:06 | INFO     | ETL_Top_100.d_comment_extract | [419/447] Dang quet comment Video: M0qiZHV4E3U...
2026-09-01 18:21:20 | INFO     | ETL_Top_100.d_comment_extract |     -> Da nap & luu 2148 binh luan vao file.
2026-09-01 18:21:21 | INFO     | ETL_Top_100.d_comment_extract | [420/447] Dang quet comment Video: vTKsmmDQw4Y...
2026-09-01 18:21:36 | INFO     | ETL_Top_100.d_comment_extract |     -> Da nap & luu 1650 binh luan vao file.
2026-09-01 18:21:37 | INFO     | ETL_Top_100.d_comment_extract | [421/447] Dang quet comment Video: _AcPnI7oRss...
2026-09-01 18:22:00 | INFO     | ETL_Top_100.d_comment_extract |     -> Da nap & luu 1537 binh luan vao file.
2026-09-01 18:22:01 | INFO     | ETL_Top_100.d_comment_extract | [422/447] Dang quet comment Video: Gj7Zft8aiRc...
2026-09-01 18:22:20 | INFO     | ETL_Top_100.d_comment_extract |     -> Da nap & luu 1564 binh luan vao file.
2026-09-01 18:22:21 | INFO     | ETL_Top_100.d_comment_extract | [423/447] Dang quet comment Video: XOeSwMKYQH4...
2026-09-01 18:22:31 | INFO     | ETL_Top_100.d_comment_extract |     -> Da nap & luu 1955 binh luan vao file.
2026-09-01 18:22:32 | INFO     | ETL_Top_100.d_comment_extract | [424/447] Dang quet comment Video: 50qyb5a36IM...
2026-09-01 18:22:44 | INFO     | ETL_Top_100.d_comment_extract |     -> Da nap & luu 1261 binh luan vao file.
2026-09-01 18:22:45 | INFO     | ETL_Top_100.d_comment_extract | [425/447] Dang quet comment Video: PsO6ZnUZI0g...
2026-09-01 18:22:56 | INFO     | ETL_Top_100.d_comment_extract |     -> Da nap & luu 2658 binh luan vao file.
2026-09-01 18:22:57 | INFO     | ETL_Top_100.d_comment_extract | [426/447] Dang quet comment Video: gG_dA32oH44...
2026-09-01 18:23:09 | INFO     | ETL_Top_100.d_comment_extract |     -> Da nap & luu 2516 binh luan vao file.
2026-09-01 18:23:10 | INFO     | ETL_Top_100.d_comment_extract | [427/447] Dang quet comment Video: 6vwNcNOTVzY...
2026-09-01 18:23:20 | INFO     | ETL_Top_100.d_comment_extract |     -> Da nap & luu 2541 binh luan vao file.
2026-09-01 18:23:21 | INFO     | ETL_Top_100.d_comment_extract | [428/447] Dang quet comment Video: HAfFfqiYLp0...
2026-09-01 18:23:32 | INFO     | ETL_Top_100.d_comment_extract |     -> Da nap & luu 2578 binh luan vao file.
2026-09-01 18:23:33 | INFO     | ETL_Top_100.d_comment_extract | [429/447] Dang quet comment Video: 7Dqgr0wNyPo...
2026-09-01 18:23:46 | INFO     | ETL_Top_100.d_comment_extract |     -> Da nap & luu 2522 binh luan vao file.
2026-09-01 18:23:47 | INFO     | ETL_Top_100.d_comment_extract | [430/447] Dang quet comment Video: YlfgThSMnBo...
2026-09-01 18:23:47 | INFO     | ETL_Top_100.d_comment_extract |     -> Da nap & luu 45 binh luan vao file.
2026-09-01 18:23:48 | INFO     | ETL_Top_100.d_comment_extract | [431/447] Dang quet comment Video: w3mj_-xW_S0...
2026-09-01 18:23:48 | INFO     | ETL_Top_100.d_comment_extract |     -> Da nap & luu 2 binh luan vao file.
2026-09-01 18:23:49 | INFO     | ETL_Top_100.d_comment_extract | [432/447] Dang quet comment Video: 5zzBbaBTMIg...
2026-09-01 18:23:50 | INFO     | ETL_Top_100.d_comment_extract |     -> Da nap & luu 9 binh luan vao file.
2026-09-01 18:23:51 | INFO     | ETL_Top_100.d_comment_extract | [433/447] Dang quet comment Video: lA8F9sIhGdg...
2026-09-01 18:24:03 | INFO     | ETL_Top_100.d_comment_extract |     -> Da nap & luu 2182 binh luan vao file.
2026-09-01 18:24:04 | INFO     | ETL_Top_100.d_comment_extract | [434/447] Dang quet comment Video: ZVVvJjwzl6c...
2026-09-01 18:24:16 | INFO     | ETL_Top_100.d_comment_extract |     -> Da nap & luu 2010 binh luan vao file.
2026-09-01 18:24:17 | INFO     | ETL_Top_100.d_comment_extract | [435/447] Dang quet comment Video: FJqd58_WgGo...
2026-09-01 18:24:25 | INFO     | ETL_Top_100.d_comment_extract |     -> Da nap & luu 1397 binh luan vao file.
2026-09-01 18:24:26 | INFO     | ETL_Top_100.d_comment_extract | [436/447] Dang quet comment Video: 3EQ_45laK4M...
2026-09-01 18:24:35 | INFO     | ETL_Top_100.d_comment_extract |     -> Da nap & luu 1370 binh luan vao file.
2026-09-01 18:24:36 | INFO     | ETL_Top_100.d_comment_extract | [437/447] Dang quet comment Video: d9bmS1UkFBs...
2026-09-01 18:24:46 | INFO     | ETL_Top_100.d_comment_extract |     -> Da nap & luu 1986 binh luan vao file.
2026-09-01 18:24:47 | INFO     | ETL_Top_100.d_comment_extract | [438/447] Dang quet comment Video: tD4HCZe-tew...
2026-09-01 18:25:02 | INFO     | ETL_Top_100.d_comment_extract |     -> Da nap & luu 2731 binh luan vao file.
2026-09-01 18:25:03 | INFO     | ETL_Top_100.d_comment_extract | [439/447] Dang quet comment Video: GTyN-DB_v5M...
2026-09-01 18:25:13 | INFO     | ETL_Top_100.d_comment_extract |     -> Da nap & luu 2650 binh luan vao file.
2026-09-01 18:25:14 | INFO     | ETL_Top_100.d_comment_extract | [440/447] Dang quet comment Video: eC-F_VZ2T1c...
2026-09-01 18:25:24 | INFO     | ETL_Top_100.d_comment_extract |     -> Da nap & luu 2536 binh luan vao file.
2026-09-01 18:25:25 | INFO     | ETL_Top_100.d_comment_extract | [441/447] Dang quet comment Video: U-PXEe-qeK4...
2026-09-01 18:25:40 | INFO     | ETL_Top_100.d_comment_extract |     -> Da nap & luu 2692 binh luan vao file.
2026-09-01 18:25:41 | INFO     | ETL_Top_100.d_comment_extract | [442/447] Dang quet comment Video: 3OTjFqWcDQY...
2026-09-01 18:25:51 | INFO     | ETL_Top_100.d_comment_extract |     -> Da nap & luu 1961 binh luan vao file.
2026-09-01 18:25:52 | INFO     | ETL_Top_100.d_comment_extract | [443/447] Dang quet comment Video: c8zq4kAn_O0...
2026-09-01 18:26:02 | INFO     | ETL_Top_100.d_comment_extract |     -> Da nap & luu 1989 binh luan vao file.
2026-09-01 18:26:03 | INFO     | ETL_Top_100.d_comment_extract | [444/447] Dang quet comment Video: fOQ_-gZsnYQ...
2026-09-01 18:26:14 | INFO     | ETL_Top_100.d_comment_extract |     -> Da nap & luu 1753 binh luan vao file.
2026-09-01 18:26:15 | INFO     | ETL_Top_100.d_comment_extract | [445/447] Dang quet comment Video: cZgUiR31m-Y...
2026-09-01 18:26:24 | INFO     | ETL_Top_100.d_comment_extract |     -> Da nap & luu 1676 binh luan vao file.
2026-09-01 18:26:25 | INFO     | ETL_Top_100.d_comment_extract | [446/447] Dang quet comment Video: CtRn6eqVnvY...
2026-09-01 18:26:34 | INFO     | ETL_Top_100.d_comment_extract |     -> Da nap & luu 1305 binh luan vao file.
2026-09-01 18:26:35 | INFO     | ETL_Top_100.d_comment_extract | [447/447] Dang quet comment Video: z0wT6CrEGYg...
2026-09-01 18:26:44 | INFO     | ETL_Top_100.d_comment_extract |     -> Da nap & luu 1379 binh luan vao file.
2026-09-01 18:26:45 | INFO     | ETL_Top_100.d_comment_extract | 
🎉 HOAN TAT XUAT SAC! Toan bo binh luan da duoc lay.
2026-09-01 18:26:45 | INFO     | __main__ | GIAI DOAN 2
2026-09-01 18:26:50 | INFO     | ETL_Top_100.Load_artists | Loaded 100 rows into project-a6d82bf1-1bcf-49bc-913.jdebigproject1.Dim_Artists
2026-09-01 18:26:57 | INFO     | ETL_Top_100.Load_video | Loaded 40596 rows into project-a6d82bf1-1bcf-49bc-913.jdebigproject1.Video
2026-09-01 18:27:49 | INFO     | ETL_Top_100.Load_comment | Loaded 992277 rows into project-a6d82bf1-1bcf-49bc-913.jdebigproject1.Comment
2026-09-01 18:27:49 | INFO     | __main__ | GIAI DOAN 3
2026-09-01 18:27:49 | INFO     | ETL_Top_100.Transform_artists | Dang thuc thi Transform bang Channel...
2026-09-01 18:27:52 | INFO     | ETL_Top_100.Transform_artists | Hoan tat! Du lieu Channel sach da duoc do vao: project-a6d82bf1-1bcf-49bc-913.Ver2_jde_bigproject1.V2_Artist
2026-09-01 18:27:52 | INFO     | ETL_Top_100.Transform_video | Dang thuc thi Transform server-side...
2026-09-01 18:27:55 | INFO     | ETL_Top_100.Transform_video | Hoan tat! Luong du lieu sach da duoc do vao: project-a6d82bf1-1bcf-49bc-913.Ver2_jde_bigproject1.V2_Video
